Event Index,UTC Timestamp,UTC Date and Time,Local Timestamp,Local Timezone,Local Date and Time,Experiment ID,Experiment Version,Tree Node Key,Repeat Key,Schedule ID,Participant Public ID,Participant Private ID,Participant Starting Group,Participant Status,Participant Completion Code,Participant External Session ID,Participant Device Type,Participant Device,Participant OS,Participant Browser,Participant Monitor Size,Participant Viewport Size,Checkpoint,Room ID,Room Order,Task Name,Task Version,checkpoint-u6qh,checkpoint-wwj4,checkpoint-75d5,branch-2gum,branch-dg21,branch-5lq7,Randomise questionnaire elements?,Question Key,Response
1,1733188759964,03/12/2024 01:19:19,1733188759885,0,03/12/2024 01:19:19,195194,10,questionnaire-7oy7,,41761090,BLIND,12192778,,complete,,,computer,Desktop or Laptop,Mac OS 10.15.7,Safari 17.6,820x1180,1180x713,Study,,,Demographics Questionnaire Adults (AS),5,Consent,Study,Eligible,Eligible_ag,Eligible_ed,Eligible_la,No,BEGIN QUESTIONNAIRE,
2,1733188780065,03/12/2024 01:19:40,1733188779991,0,03/12/2024 01:19:39,195194,10,questionnaire-7oy7,,41761090,BLIND,12192778,,complete,,,computer,Desktop or Laptop,Mac OS 10.15.7,Safari 17.6,820x1180,1180x713,Study,,,Demographics Questionnaire Adults (AS),5,Consent,Study,Eligible,Eligible_ag,Eligible_ed,Eligible_la,No,Age,21
3,1733188780154,03/12/2024 01:19:40,1733188779995,0,03/12/2024 01:19:39,195194,10,questionnaire-7oy7,,41761090,BLIND,12192778,,complete,,,computer,Desktop or Laptop,Mac OS 10.15.7,Safari 17.6,820x1180,1180x713,Study,,,Demographics Questionnaire Adults (AS),5,Consent,Study,Eligible,Eligible_ag,Eligible_ed,Eligible_la,No,Gender,Woman
4,1733188780154,03/12/2024 01:19:40,1733188779995,0,03/12/2024 01:19:39,195194,10,questionnaire-7oy7,,41761090,BLIND,12192778,,complete,,,computer,Desktop or Laptop,Mac OS 10.15.7,Safari 17.6,820x1180,1180x713,Study,,,Demographics Questionnaire Adults (AS),5,Consent,Study,Eligible,Eligible_ag,Eligible_ed,Eligible_la,No,Gender-quantised,2
5,1733188780154,03/12/2024 01:19:40,1733188779995,0,03/12/2024 01:19:39,195194,10,questionnaire-7oy7,,41761090,BLIND,12192778,,complete,,,computer,Desktop or Laptop,Mac OS 10.15.7,Safari 17.6,820x1180,1180x713,Study,,,Demographics Questionnaire Adults (AS),5,Consent,Study,Eligible,Eligible_ag,Eligible_ed,Eligible_la,No,Gender-text,
6,1733188780154,03/12/2024 01:19:40,1733188779995,0,03/12/2024 01:19:39,195194,10,questionnaire-7oy7,,41761090,BLIND,12192778,,complete,,,computer,Desktop or Laptop,Mac OS 10.15.7,Safari 17.6,820x1180,1180x713,Study,,,Demographics Questionnaire Adults (AS),5,Consent,Study,Eligible,Eligible_ag,Eligible_ed,Eligible_la,No,categorical_hand,Right
7,1733188780154,03/12/2024 01:19:40,1733188779996,0,03/12/2024 01:19:39,195194,10,questionnaire-7oy7,,41761090,BLIND,12192778,,complete,,,computer,Desktop or Laptop,Mac OS 10.15.7,Safari 17.6,820x1180,1180x713,Study,,,Demographics Questionnaire Adults (AS),5,Consent,Study,Eligible,Eligible_ag,Eligible_ed,Eligible_la,No,categorical_hand-quantised,2
8,1733188780154,03/12/2024 01:19:40,1733188779996,0,03/12/2024 01:19:39,195194,10,questionnaire-7oy7,,41761090,BLIND,12192778,,complete,,,computer,Desktop or Laptop,Mac OS 10.15.7,Safari 17.6,820x1180,1180x713,Study,,,Demographics Questionnaire Adults (AS),5,Consent,Study,Eligible,Eligible_ag,Eligible_ed,Eligible_la,No,Education,Yes
9,1733188780154,03/12/2024 01:19:40,1733188779996,0,03/12/2024 01:19:39,195194,10,questionnaire-7oy7,,41761090,BLIND,12192778,,complete,,,computer,Desktop or Laptop,Mac OS 10.15.7,Safari 17.6,820x1180,1180x713,Study,,,Demographics Questionnaire Adults (AS),5,Consent,Study,Eligible,Eligible_ag,Eligible_ed,Eligible_la,No,Education-quantised,1
10,1733188780154,03/12/2024 01:19:40,1733188779996,0,03/12/2024 01:19:39,195194,10,questionnaire-7oy7,,41761090,BLIND,12192778,,complete,,,computer,Desktop or Laptop,Mac OS 10.15.7,Safari 17.6,820x1180,1180x713,Study,,,Demographics Questionnaire Adults (AS),5,Consent,Study,Eligible,Eligible_ag,Eligible_ed,Eligible_la,No,Bilingual,Yes
11,1733188780154,03/12/2024 01:19:40,1733188779996,0,03/12/2024 01:19:39,195194,10,questionnaire-7oy7,,41761090,BLIND,12192778,,complete,,,computer,Desktop or Laptop,Mac OS 10.15.7,Safari 17.6,820x1180,1180x713,Study,,,Demographics Questionnaire Adults (AS),5,Consent,Study,Eligible,Eligible_ag,Eligible_ed,Eligible_la,No,Bilingual-quantised,1
12,1733188780154,03/12/2024 01:19:40,1733188779996,0,03/12/2024 01:19:39,195194,10,questionnaire-7oy7,,41761090,BLIND,12192778,,complete,,,computer,Desktop or Laptop,Mac OS 10.15.7,Safari 17.6,820x1180,1180x713,Study,,,Demographics Questionnaire Adults (AS),5,Consent,Study,Eligible,Eligible_ag,Eligible_ed,Eligible_la,No,Bilingual-text,
13,1733188780154,03/12/2024 01:19:40,1733188779996,0,03/12/2024 01:19:39,195194,10,questionnaire-7oy7,,41761090,BLIND,12192778,,complete,,,computer,Desktop or Laptop,Mac OS 10.15.7,Safari 17.6,820x1180,1180x713,Study,,,Demographics Questionnaire Adults (AS),5,Consent,Study,Eligible,Eligible_ag,Eligible_ed,Eligible_la,No,END QUESTIONNAIRE,20111
1,1734696611999,20/12/2024 12:10:11,1734696612645,0,20/12/2024 12:10:12,195194,10,questionnaire-7oy7,,42138862,BLIND,12307361,,complete,,,computer,Desktop or Laptop,Windows 10,Chrome 131.0.0.0,1536x864,1536x695,Study,,,Demographics Questionnaire Adults (AS),5,Consent,Study,Eligible,Eligible_ag,Eligible_ed,Eligible_la,No,BEGIN QUESTIONNAIRE,
2,1734696627688,20/12/2024 12:10:27,1734696628398,0,20/12/2024 12:10:28,195194,10,questionnaire-7oy7,,42138862,BLIND,12307361,,complete,,,computer,Desktop or Laptop,Windows 10,Chrome 131.0.0.0,1536x864,1519x695,Study,,,Demographics Questionnaire Adults (AS),5,Consent,Study,Eligible,Eligible_ag,Eligible_ed,Eligible_la,No,Age,20
3,1734696627846,20/12/2024 12:10:27,1734696628401,0,20/12/2024 12:10:28,195194,10,questionnaire-7oy7,,42138862,BLIND,12307361,,complete,,,computer,Desktop or Laptop,Windows 10,Chrome 131.0.0.0,1536x864,1519x695,Study,,,Demographics Questionnaire Adults (AS),5,Consent,Study,Eligible,Eligible_ag,Eligible_ed,Eligible_la,No,Gender,Woman
4,1734696627846,20/12/2024 12:10:27,1734696628401,0,20/12/2024 12:10:28,195194,10,questionnaire-7oy7,,42138862,BLIND,12307361,,complete,,,computer,Desktop or Laptop,Windows 10,Chrome 131.0.0.0,1536x864,1519x695,Study,,,Demographics Questionnaire Adults (AS),5,Consent,Study,Eligible,Eligible_ag,Eligible_ed,Eligible_la,No,Gender-quantised,2
5,1734696627846,20/12/2024 12:10:27,1734696628402,0,20/12/2024 12:10:28,195194,10,questionnaire-7oy7,,42138862,BLIND,12307361,,complete,,,computer,Desktop or Laptop,Windows 10,Chrome 131.0.0.0,1536x864,1519x695,Study,,,Demographics Questionnaire Adults (AS),5,Consent,Study,Eligible,Eligible_ag,Eligible_ed,Eligible_la,No,Gender-text,
6,1734696627846,20/12/2024 12:10:27,1734696628402,0,20/12/2024 12:10:28,195194,10,questionnaire-7oy7,,42138862,BLIND,12307361,,complete,,,computer,Desktop or Laptop,Windows 10,Chrome 131.0.0.0,1536x864,1519x695,Study,,,Demographics Questionnaire Adults (AS),5,Consent,Study,Eligible,Eligible_ag,Eligible_ed,Eligible_la,No,categorical_hand,Right
7,1734696627846,20/12/2024 12:10:27,1734696628402,0,20/12/2024 12:10:28,195194,10,questionnaire-7oy7,,42138862,BLIND,12307361,,complete,,,computer,Desktop or Laptop,Windows 10,Chrome 131.0.0.0,1536x864,1519x695,Study,,,Demographics Questionnaire Adults (AS),5,Consent,Study,Eligible,Eligible_ag,Eligible_ed,Eligible_la,No,categorical_hand-quantised,2
8,1734696627846,20/12/2024 12:10:27,1734696628402,0,20/12/2024 12:10:28,195194,10,questionnaire-7oy7,,42138862,BLIND,12307361,,complete,,,computer,Desktop or Laptop,Windows 10,Chrome 131.0.0.0,1536x864,1519x695,Study,,,Demographics Questionnaire Adults (AS),5,Consent,Study,Eligible,Eligible_ag,Eligible_ed,Eligible_la,No,Education,Yes
9,1734696627846,20/12/2024 12:10:27,1734696628402,0,20/12/2024 12:10:28,195194,10,questionnaire-7oy7,,42138862,BLIND,12307361,,complete,,,computer,Desktop or Laptop,Windows 10,Chrome 131.0.0.0,1536x864,1519x695,Study,,,Demographics Questionnaire Adults (AS),5,Consent,Study,Eligible,Eligible_ag,Eligible_ed,Eligible_la,No,Education-quantised,1
10,1734696627846,20/12/2024 12:10:27,1734696628403,0,20/12/2024 12:10:28,195194,10,questionnaire-7oy7,,42138862,BLIND,12307361,,complete,,,computer,Desktop or Laptop,Windows 10,Chrome 131.0.0.0,1536x864,1519x695,Study,,,Demographics Questionnaire Adults (AS),5,Consent,Study,Eligible,Eligible_ag,Eligible_ed,Eligible_la,No,Bilingual,Yes
11,1734696627846,20/12/2024 12:10:27,1734696628403,0,20/12/2024 12:10:28,195194,10,questionnaire-7oy7,,42138862,BLIND,12307361,,complete,,,computer,Desktop or Laptop,Windows 10,Chrome 131.0.0.0,1536x864,1519x695,Study,,,Demographics Questionnaire Adults (AS),5,Consent,Study,Eligible,Eligible_ag,Eligible_ed,Eligible_la,No,Bilingual-quantised,1
12,1734696627846,20/12/2024 12:10:27,1734696628404,0,20/12/2024 12:10:28,195194,10,questionnaire-7oy7,,42138862,BLIND,12307361,,complete,,,computer,Desktop or Laptop,Windows 10,Chrome 131.0.0.0,1536x864,1519x695,Study,,,Demographics Questionnaire Adults (AS),5,Consent,Study,Eligible,Eligible_ag,Eligible_ed,Eligible_la,No,Bilingual-text,
13,1734696627846,20/12/2024 12:10:27,1734696628405,0,20/12/2024 12:10:28,195194,10,questionnaire-7oy7,,42138862,BLIND,12307361,,complete,,,computer,Desktop or Laptop,Windows 10,Chrome 131.0.0.0,1536x864,1519x695,Study,,,Demographics Questionnaire Adults (AS),5,Consent,Study,Eligible,Eligible_ag,Eligible_ed,Eligible_la,No,END QUESTIONNAIRE,15760
1,1735416614993,28/12/2024 20:10:14,1735416614889,0,28/12/2024 20:10:14,195194,10,questionnaire-7oy7,,42215937,BLIND,12325443,,complete,,,computer,Desktop or Laptop,Mac OS 10.15.7,Chrome 131.0.0.0,1470x956,1470x797,Study,,,Demographics Questionnaire Adults (AS),5,Consent,Study,Eligible,Eligible_ag,Eligible_ed,Eligible_la,No,BEGIN QUESTIONNAIRE,
2,1735416629848,28/12/2024 20:10:29,1735416629727,0,28/12/2024 20:10:29,195194,10,questionnaire-7oy7,,42215937,BLIND,12325443,,complete,,,computer,Desktop or Laptop,Mac OS 10.15.7,Chrome 131.0.0.0,1470x956,1470x797,Study,,,Demographics Questionnaire Adults (AS),5,Consent,Study,Eligible,Eligible_ag,Eligible_ed,Eligible_la,No,Age,19
3,1735416629913,28/12/2024 20:10:29,1735416629728,0,28/12/2024 20:10:29,195194,10,questionnaire-7oy7,,42215937,BLIND,12325443,,complete,,,computer,Desktop or Laptop,Mac OS 10.15.7,Chrome 131.0.0.0,1470x956,1470x797,Study,,,Demographics Questionnaire Adults (AS),5,Consent,Study,Eligible,Eligible_ag,Eligible_ed,Eligible_la,No,Gender,Woman
4,1735416629913,28/12/2024 20:10:29,1735416629729,0,28/12/2024 20:10:29,195194,10,questionnaire-7oy7,,42215937,BLIND,12325443,,complete,,,computer,Desktop or Laptop,Mac OS 10.15.7,Chrome 131.0.0.0,1470x956,1470x797,Study,,,Demographics Questionnaire Adults (AS),5,Consent,Study,Eligible,Eligible_ag,Eligible_ed,Eligible_la,No,Gender-quantised,2
5,1735416629913,28/12/2024 20:10:29,1735416629729,0,28/12/2024 20:10:29,195194,10,questionnaire-7oy7,,42215937,BLIND,12325443,,complete,,,computer,Desktop or Laptop,Mac OS 10.15.7,Chrome 131.0.0.0,1470x956,1470x797,Study,,,Demographics Questionnaire Adults (AS),5,Consent,Study,Eligible,Eligible_ag,Eligible_ed,Eligible_la,No,Gender-text,
6,1735416629913,28/12/2024 20:10:29,1735416629729,0,28/12/2024 20:10:29,195194,10,questionnaire-7oy7,,42215937,BLIND,12325443,,complete,,,computer,Desktop or Laptop,Mac OS 10.15.7,Chrome 131.0.0.0,1470x956,1470x797,Study,,,Demographics Questionnaire Adults (AS),5,Consent,Study,Eligible,Eligible_ag,Eligible_ed,Eligible_la,No,categorical_hand,Right
7,1735416629913,28/12/2024 20:10:29,1735416629729,0,28/12/2024 20:10:29,195194,10,questionnaire-7oy7,,42215937,BLIND,12325443,,complete,,,computer,Desktop or Laptop,Mac OS 10.15.7,Chrome 131.0.0.0,1470x956,1470x797,Study,,,Demographics Questionnaire Adults (AS),5,Consent,Study,Eligible,Eligible_ag,Eligible_ed,Eligible_la,No,categorical_hand-quantised,2
8,1735416629913,28/12/2024 20:10:29,1735416629729,0,28/12/2024 20:10:29,195194,10,questionnaire-7oy7,,42215937,BLIND,12325443,,complete,,,computer,Desktop or Laptop,Mac OS 10.15.7,Chrome 131.0.0.0,1470x956,1470x797,Study,,,Demographics Questionnaire Adults (AS),5,Consent,Study,Eligible,Eligible_ag,Eligible_ed,Eligible_la,No,Education,Yes
9,1735416629913,28/12/2024 20:10:29,1735416629729,0,28/12/2024 20:10:29,195194,10,questionnaire-7oy7,,42215937,BLIND,12325443,,complete,,,computer,Desktop or Laptop,Mac OS 10.15.7,Chrome 131.0.0.0,1470x956,1470x797,Study,,,Demographics Questionnaire Adults (AS),5,Consent,Study,Eligible,Eligible_ag,Eligible_ed,Eligible_la,No,Education-quantised,1
10,1735416629913,28/12/2024 20:10:29,1735416629729,0,28/12/2024 20:10:29,195194,10,questionnaire-7oy7,,42215937,BLIND,12325443,,complete,,,computer,Desktop or Laptop,Mac OS 10.15.7,Chrome 131.0.0.0,1470x956,1470x797,Study,,,Demographics Questionnaire Adults (AS),5,Consent,Study,Eligible,Eligible_ag,Eligible_ed,Eligible_la,No,Bilingual,Yes
11,1735416629913,28/12/2024 20:10:29,1735416629729,0,28/12/2024 20:10:29,195194,10,questionnaire-7oy7,,42215937,BLIND,12325443,,complete,,,computer,Desktop or Laptop,Mac OS 10.15.7,Chrome 131.0.0.0,1470x956,1470x797,Study,,,Demographics Questionnaire Adults (AS),5,Consent,Study,Eligible,Eligible_ag,Eligible_ed,Eligible_la,No,Bilingual-quantised,1
12,1735416629913,28/12/2024 20:10:29,1735416629729,0,28/12/2024 20:10:29,195194,10,questionnaire-7oy7,,42215937,BLIND,12325443,,complete,,,computer,Desktop or Laptop,Mac OS 10.15.7,Chrome 131.0.0.0,1470x956,1470x797,Study,,,Demographics Questionnaire Adults (AS),5,Consent,Study,Eligible,Eligible_ag,Eligible_ed,Eligible_la,No,Bilingual-text,
13,1735416629913,28/12/2024 20:10:29,1735416629729,0,28/12/2024 20:10:29,195194,10,questionnaire-7oy7,,42215937,BLIND,12325443,,complete,,,computer,Desktop or Laptop,Mac OS 10.15.7,Chrome 131.0.0.0,1470x956,1470x797,Study,,,Demographics Questionnaire Adults (AS),5,Consent,Study,Eligible,Eligible_ag,Eligible_ed,Eligible_la,No,END QUESTIONNAIRE,14840
1,1736891631131,14/01/2025 21:53:51,1736891631051,0,14/01/2025 21:53:51,195194,10,questionnaire-7oy7,,42480972,BLIND,12394974,,complete,,,computer,Desktop or Laptop,Mac OS 10.15.7,Chrome 131.0.0.0,1920x1080,1920x958,Study,,,Demographics Questionnaire Adults (AS),5,Consent,Study,Eligible,Eligible_ag,Eligible_ed,Eligible_la,No,BEGIN QUESTIONNAIRE,
2,1736891644194,14/01/2025 21:54:04,1736891644062,0,14/01/2025 21:54:04,195194,10,questionnaire-7oy7,,42480972,BLIND,12394974,,complete,,,computer,Desktop or Laptop,Mac OS 10.15.7,Chrome 131.0.0.0,1920x1080,1920x958,Study,,,Demographics Questionnaire Adults (AS),5,Consent,Study,Eligible,Eligible_ag,Eligible_ed,Eligible_la,No,Age,20
3,1736891644245,14/01/2025 21:54:04,1736891644063,0,14/01/2025 21:54:04,195194,10,questionnaire-7oy7,,42480972,BLIND,12394974,,complete,,,computer,Desktop or Laptop,Mac OS 10.15.7,Chrome 131.0.0.0,1920x1080,1920x958,Study,,,Demographics Questionnaire Adults (AS),5,Consent,Study,Eligible,Eligible_ag,Eligible_ed,Eligible_la,No,Gender,Man
4,1736891644245,14/01/2025 21:54:04,1736891644063,0,14/01/2025 21:54:04,195194,10,questionnaire-7oy7,,42480972,BLIND,12394974,,complete,,,computer,Desktop or Laptop,Mac OS 10.15.7,Chrome 131.0.0.0,1920x1080,1920x958,Study,,,Demographics Questionnaire Adults (AS),5,Consent,Study,Eligible,Eligible_ag,Eligible_ed,Eligible_la,No,Gender-quantised,1
5,1736891644245,14/01/2025 21:54:04,1736891644063,0,14/01/2025 21:54:04,195194,10,questionnaire-7oy7,,42480972,BLIND,12394974,,complete,,,computer,Desktop or Laptop,Mac OS 10.15.7,Chrome 131.0.0.0,1920x1080,1920x958,Study,,,Demographics Questionnaire Adults (AS),5,Consent,Study,Eligible,Eligible_ag,Eligible_ed,Eligible_la,No,Gender-text,
6,1736891644245,14/01/2025 21:54:04,1736891644063,0,14/01/2025 21:54:04,195194,10,questionnaire-7oy7,,42480972,BLIND,12394974,,complete,,,computer,Desktop or Laptop,Mac OS 10.15.7,Chrome 131.0.0.0,1920x1080,1920x958,Study,,,Demographics Questionnaire Adults (AS),5,Consent,Study,Eligible,Eligible_ag,Eligible_ed,Eligible_la,No,categorical_hand,Right
7,1736891644245,14/01/2025 21:54:04,1736891644063,0,14/01/2025 21:54:04,195194,10,questionnaire-7oy7,,42480972,BLIND,12394974,,complete,,,computer,Desktop or Laptop,Mac OS 10.15.7,Chrome 131.0.0.0,1920x1080,1920x958,Study,,,Demographics Questionnaire Adults (AS),5,Consent,Study,Eligible,Eligible_ag,Eligible_ed,Eligible_la,No,categorical_hand-quantised,2
8,1736891644245,14/01/2025 21:54:04,1736891644063,0,14/01/2025 21:54:04,195194,10,questionnaire-7oy7,,42480972,BLIND,12394974,,complete,,,computer,Desktop or Laptop,Mac OS 10.15.7,Chrome 131.0.0.0,1920x1080,1920x958,Study,,,Demographics Questionnaire Adults (AS),5,Consent,Study,Eligible,Eligible_ag,Eligible_ed,Eligible_la,No,Education,Yes
9,1736891644245,14/01/2025 21:54:04,1736891644063,0,14/01/2025 21:54:04,195194,10,questionnaire-7oy7,,42480972,BLIND,12394974,,complete,,,computer,Desktop or Laptop,Mac OS 10.15.7,Chrome 131.0.0.0,1920x1080,1920x958,Study,,,Demographics Questionnaire Adults (AS),5,Consent,Study,Eligible,Eligible_ag,Eligible_ed,Eligible_la,No,Education-quantised,1
10,1736891644245,14/01/2025 21:54:04,1736891644064,0,14/01/2025 21:54:04,195194,10,questionnaire-7oy7,,42480972,BLIND,12394974,,complete,,,computer,Desktop or Laptop,Mac OS 10.15.7,Chrome 131.0.0.0,1920x1080,1920x958,Study,,,Demographics Questionnaire Adults (AS),5,Consent,Study,Eligible,Eligible_ag,Eligible_ed,Eligible_la,No,Bilingual,Yes
11,1736891644245,14/01/2025 21:54:04,1736891644064,0,14/01/2025 21:54:04,195194,10,questionnaire-7oy7,,42480972,BLIND,12394974,,complete,,,computer,Desktop or Laptop,Mac OS 10.15.7,Chrome 131.0.0.0,1920x1080,1920x958,Study,,,Demographics Questionnaire Adults (AS),5,Consent,Study,Eligible,Eligible_ag,Eligible_ed,Eligible_la,No,Bilingual-quantised,1
12,1736891644245,14/01/2025 21:54:04,1736891644064,0,14/01/2025 21:54:04,195194,10,questionnaire-7oy7,,42480972,BLIND,12394974,,complete,,,computer,Desktop or Laptop,Mac OS 10.15.7,Chrome 131.0.0.0,1920x1080,1920x958,Study,,,Demographics Questionnaire Adults (AS),5,Consent,Study,Eligible,Eligible_ag,Eligible_ed,Eligible_la,No,Bilingual-text,
13,1736891644245,14/01/2025 21:54:04,1736891644064,0,14/01/2025 21:54:04,195194,10,questionnaire-7oy7,,42480972,BLIND,12394974,,complete,,,computer,Desktop or Laptop,Mac OS 10.15.7,Chrome 131.0.0.0,1920x1080,1920x958,Study,,,Demographics Questionnaire Adults (AS),5,Consent,Study,Eligible,Eligible_ag,Eligible_ed,Eligible_la,No,END QUESTIONNAIRE,13013
1,1737237098226,18/01/2025 21:51:38,1737237098311,0,18/01/2025 21:51:38,195194,10,questionnaire-7oy7,,42573986,BLIND,12419430,,complete,,,computer,Desktop or Laptop,Windows 10,Edge 131.0.0.0,1536x864,1528x738,Study,,,Demographics Questionnaire Adults (AS),5,Consent,Study,Eligible,Eligible_ag,Eligible_ed,Eligible_la,No,BEGIN QUESTIONNAIRE,
2,1737237109067,18/01/2025 21:51:49,1737237109210,0,18/01/2025 21:51:49,195194,10,questionnaire-7oy7,,42573986,BLIND,12419430,,complete,,,computer,Desktop or Laptop,Windows 10,Edge 131.0.0.0,1536x864,1528x738,Study,,,Demographics Questionnaire Adults (AS),5,Consent,Study,Eligible,Eligible_ag,Eligible_ed,Eligible_la,No,Age,20
3,1737237109230,18/01/2025 21:51:49,1737237109212,0,18/01/2025 21:51:49,195194,10,questionnaire-7oy7,,42573986,BLIND,12419430,,complete,,,computer,Desktop or Laptop,Windows 10,Edge 131.0.0.0,1536x864,1528x738,Study,,,Demographics Questionnaire Adults (AS),5,Consent,Study,Eligible,Eligible_ag,Eligible_ed,Eligible_la,No,Gender,Woman
4,1737237109230,18/01/2025 21:51:49,1737237109212,0,18/01/2025 21:51:49,195194,10,questionnaire-7oy7,,42573986,BLIND,12419430,,complete,,,computer,Desktop or Laptop,Windows 10,Edge 131.0.0.0,1536x864,1528x738,Study,,,Demographics Questionnaire Adults (AS),5,Consent,Study,Eligible,Eligible_ag,Eligible_ed,Eligible_la,No,Gender-quantised,2
5,1737237109230,18/01/2025 21:51:49,1737237109212,0,18/01/2025 21:51:49,195194,10,questionnaire-7oy7,,42573986,BLIND,12419430,,complete,,,computer,Desktop or Laptop,Windows 10,Edge 131.0.0.0,1536x864,1528x738,Study,,,Demographics Questionnaire Adults (AS),5,Consent,Study,Eligible,Eligible_ag,Eligible_ed,Eligible_la,No,Gender-text,
6,1737237109230,18/01/2025 21:51:49,1737237109212,0,18/01/2025 21:51:49,195194,10,questionnaire-7oy7,,42573986,BLIND,12419430,,complete,,,computer,Desktop or Laptop,Windows 10,Edge 131.0.0.0,1536x864,1528x738,Study,,,Demographics Questionnaire Adults (AS),5,Consent,Study,Eligible,Eligible_ag,Eligible_ed,Eligible_la,No,categorical_hand,Right
7,1737237109230,18/01/2025 21:51:49,1737237109212,0,18/01/2025 21:51:49,195194,10,questionnaire-7oy7,,42573986,BLIND,12419430,,complete,,,computer,Desktop or Laptop,Windows 10,Edge 131.0.0.0,1536x864,1528x738,Study,,,Demographics Questionnaire Adults (AS),5,Consent,Study,Eligible,Eligible_ag,Eligible_ed,Eligible_la,No,categorical_hand-quantised,2
8,1737237109230,18/01/2025 21:51:49,1737237109213,0,18/01/2025 21:51:49,195194,10,questionnaire-7oy7,,42573986,BLIND,12419430,,complete,,,computer,Desktop or Laptop,Windows 10,Edge 131.0.0.0,1536x864,1528x738,Study,,,Demographics Questionnaire Adults (AS),5,Consent,Study,Eligible,Eligible_ag,Eligible_ed,Eligible_la,No,Education,Yes
9,1737237109230,18/01/2025 21:51:49,1737237109213,0,18/01/2025 21:51:49,195194,10,questionnaire-7oy7,,42573986,BLIND,12419430,,complete,,,computer,Desktop or Laptop,Windows 10,Edge 131.0.0.0,1536x864,1528x738,Study,,,Demographics Questionnaire Adults (AS),5,Consent,Study,Eligible,Eligible_ag,Eligible_ed,Eligible_la,No,Education-quantised,1
10,1737237109230,18/01/2025 21:51:49,1737237109213,0,18/01/2025 21:51:49,195194,10,questionnaire-7oy7,,42573986,BLIND,12419430,,complete,,,computer,Desktop or Laptop,Windows 10,Edge 131.0.0.0,1536x864,1528x738,Study,,,Demographics Questionnaire Adults (AS),5,Consent,Study,Eligible,Eligible_ag,Eligible_ed,Eligible_la,No,Bilingual,Yes
11,1737237109230,18/01/2025 21:51:49,1737237109213,0,18/01/2025 21:51:49,195194,10,questionnaire-7oy7,,42573986,BLIND,12419430,,complete,,,computer,Desktop or Laptop,Windows 10,Edge 131.0.0.0,1536x864,1528x738,Study,,,Demographics Questionnaire Adults (AS),5,Consent,Study,Eligible,Eligible_ag,Eligible_ed,Eligible_la,No,Bilingual-quantised,1
12,1737237109230,18/01/2025 21:51:49,1737237109213,0,18/01/2025 21:51:49,195194,10,questionnaire-7oy7,,42573986,BLIND,12419430,,complete,,,computer,Desktop or Laptop,Windows 10,Edge 131.0.0.0,1536x864,1528x738,Study,,,Demographics Questionnaire Adults (AS),5,Consent,Study,Eligible,Eligible_ag,Eligible_ed,Eligible_la,No,Bilingual-text,
13,1737237109230,18/01/2025 21:51:49,1737237109214,0,18/01/2025 21:51:49,195194,10,questionnaire-7oy7,,42573986,BLIND,12419430,,complete,,,computer,Desktop or Laptop,Windows 10,Edge 131.0.0.0,1536x864,1528x738,Study,,,Demographics Questionnaire Adults (AS),5,Consent,Study,Eligible,Eligible_ag,Eligible_ed,Eligible_la,No,END QUESTIONNAIRE,10903
1,1737307166611,19/01/2025 17:19:26,1737307168092,0,19/01/2025 17:19:28,195194,10,questionnaire-7oy7,,42584004,BLIND,12421724,,complete,,,computer,Desktop or Laptop,Windows 10,Chrome 131.0.0.0,1920x1080,1920x945,Study,,,Demographics Questionnaire Adults (AS),5,Consent,Study,Eligible,Eligible_ag,Eligible_ed,Eligible_la,No,BEGIN QUESTIONNAIRE,
2,1737307203258,19/01/2025 17:20:03,1737307204798,0,19/01/2025 17:20:04,195194,10,questionnaire-7oy7,,42584004,BLIND,12421724,,complete,,,computer,Desktop or Laptop,Windows 10,Chrome 131.0.0.0,1920x1080,1920x945,Study,,,Demographics Questionnaire Adults (AS),5,Consent,Study,Eligible,Eligible_ag,Eligible_ed,Eligible_la,No,Age,20
3,1737307203327,19/01/2025 17:20:03,1737307204799,0,19/01/2025 17:20:04,195194,10,questionnaire-7oy7,,42584004,BLIND,12421724,,complete,,,computer,Desktop or Laptop,Windows 10,Chrome 131.0.0.0,1920x1080,1920x945,Study,,,Demographics Questionnaire Adults (AS),5,Consent,Study,Eligible,Eligible_ag,Eligible_ed,Eligible_la,No,Gender,Man
4,1737307203327,19/01/2025 17:20:03,1737307204799,0,19/01/2025 17:20:04,195194,10,questionnaire-7oy7,,42584004,BLIND,12421724,,complete,,,computer,Desktop or Laptop,Windows 10,Chrome 131.0.0.0,1920x1080,1920x945,Study,,,Demographics Questionnaire Adults (AS),5,Consent,Study,Eligible,Eligible_ag,Eligible_ed,Eligible_la,No,Gender-quantised,1
5,1737307203327,19/01/2025 17:20:03,1737307204799,0,19/01/2025 17:20:04,195194,10,questionnaire-7oy7,,42584004,BLIND,12421724,,complete,,,computer,Desktop or Laptop,Windows 10,Chrome 131.0.0.0,1920x1080,1920x945,Study,,,Demographics Questionnaire Adults (AS),5,Consent,Study,Eligible,Eligible_ag,Eligible_ed,Eligible_la,No,Gender-text,
6,1737307203327,19/01/2025 17:20:03,1737307204799,0,19/01/2025 17:20:04,195194,10,questionnaire-7oy7,,42584004,BLIND,12421724,,complete,,,computer,Desktop or Laptop,Windows 10,Chrome 131.0.0.0,1920x1080,1920x945,Study,,,Demographics Questionnaire Adults (AS),5,Consent,Study,Eligible,Eligible_ag,Eligible_ed,Eligible_la,No,categorical_hand,Right
7,1737307203327,19/01/2025 17:20:03,1737307204799,0,19/01/2025 17:20:04,195194,10,questionnaire-7oy7,,42584004,BLIND,12421724,,complete,,,computer,Desktop or Laptop,Windows 10,Chrome 131.0.0.0,1920x1080,1920x945,Study,,,Demographics Questionnaire Adults (AS),5,Consent,Study,Eligible,Eligible_ag,Eligible_ed,Eligible_la,No,categorical_hand-quantised,2
8,1737307203327,19/01/2025 17:20:03,1737307204799,0,19/01/2025 17:20:04,195194,10,questionnaire-7oy7,,42584004,BLIND,12421724,,complete,,,computer,Desktop or Laptop,Windows 10,Chrome 131.0.0.0,1920x1080,1920x945,Study,,,Demographics Questionnaire Adults (AS),5,Consent,Study,Eligible,Eligible_ag,Eligible_ed,Eligible_la,No,Education,Yes
9,1737307203327,19/01/2025 17:20:03,1737307204799,0,19/01/2025 17:20:04,195194,10,questionnaire-7oy7,,42584004,BLIND,12421724,,complete,,,computer,Desktop or Laptop,Windows 10,Chrome 131.0.0.0,1920x1080,1920x945,Study,,,Demographics Questionnaire Adults (AS),5,Consent,Study,Eligible,Eligible_ag,Eligible_ed,Eligible_la,No,Education-quantised,1
10,1737307203327,19/01/2025 17:20:03,1737307204799,0,19/01/2025 17:20:04,195194,10,questionnaire-7oy7,,42584004,BLIND,12421724,,complete,,,computer,Desktop or Laptop,Windows 10,Chrome 131.0.0.0,1920x1080,1920x945,Study,,,Demographics Questionnaire Adults (AS),5,Consent,Study,Eligible,Eligible_ag,Eligible_ed,Eligible_la,No,Bilingual,Yes
11,1737307203327,19/01/2025 17:20:03,1737307204799,0,19/01/2025 17:20:04,195194,10,questionnaire-7oy7,,42584004,BLIND,12421724,,complete,,,computer,Desktop or Laptop,Windows 10,Chrome 131.0.0.0,1920x1080,1920x945,Study,,,Demographics Questionnaire Adults (AS),5,Consent,Study,Eligible,Eligible_ag,Eligible_ed,Eligible_la,No,Bilingual-quantised,1
12,1737307203327,19/01/2025 17:20:03,1737307204799,0,19/01/2025 17:20:04,195194,10,questionnaire-7oy7,,42584004,BLIND,12421724,,complete,,,computer,Desktop or Laptop,Windows 10,Chrome 131.0.0.0,1920x1080,1920x945,Study,,,Demographics Questionnaire Adults (AS),5,Consent,Study,Eligible,Eligible_ag,Eligible_ed,Eligible_la,No,Bilingual-text,
13,1737307203327,19/01/2025 17:20:03,1737307204799,0,19/01/2025 17:20:04,195194,10,questionnaire-7oy7,,42584004,BLIND,12421724,,complete,,,computer,Desktop or Laptop,Windows 10,Chrome 131.0.0.0,1920x1080,1920x945,Study,,,Demographics Questionnaire Adults (AS),5,Consent,Study,Eligible,Eligible_ag,Eligible_ed,Eligible_la,No,END QUESTIONNAIRE,36707
1,1737310341701,19/01/2025 18:12:21,1737310341526,0,19/01/2025 18:12:21,195194,10,questionnaire-7oy7,,42585071,BLIND,12421982,,complete,,,computer,Desktop or Laptop,Mac OS 10.15.7,Safari 18.1.1,1470x956,1229x867,Study,,,Demographics Questionnaire Adults (AS),5,Consent,Study,Eligible,Eligible_ag,Eligible_ed,Eligible_la,No,BEGIN QUESTIONNAIRE,
2,1737310384049,19/01/2025 18:13:04,1737310383900,0,19/01/2025 18:13:03,195194,10,questionnaire-7oy7,,42585071,BLIND,12421982,,complete,,,computer,Desktop or Laptop,Mac OS 10.15.7,Safari 18.1.1,1470x956,1229x867,Study,,,Demographics Questionnaire Adults (AS),5,Consent,Study,Eligible,Eligible_ag,Eligible_ed,Eligible_la,No,Age,20
3,1737310384109,19/01/2025 18:13:04,1737310383902,0,19/01/2025 18:13:03,195194,10,questionnaire-7oy7,,42585071,BLIND,12421982,,complete,,,computer,Desktop or Laptop,Mac OS 10.15.7,Safari 18.1.1,1470x956,1229x867,Study,,,Demographics Questionnaire Adults (AS),5,Consent,Study,Eligible,Eligible_ag,Eligible_ed,Eligible_la,No,Gender,Man
4,1737310384109,19/01/2025 18:13:04,1737310383902,0,19/01/2025 18:13:03,195194,10,questionnaire-7oy7,,42585071,BLIND,12421982,,complete,,,computer,Desktop or Laptop,Mac OS 10.15.7,Safari 18.1.1,1470x956,1229x867,Study,,,Demographics Questionnaire Adults (AS),5,Consent,Study,Eligible,Eligible_ag,Eligible_ed,Eligible_la,No,Gender-quantised,1
5,1737310384109,19/01/2025 18:13:04,1737310383902,0,19/01/2025 18:13:03,195194,10,questionnaire-7oy7,,42585071,BLIND,12421982,,complete,,,computer,Desktop or Laptop,Mac OS 10.15.7,Safari 18.1.1,1470x956,1229x867,Study,,,Demographics Questionnaire Adults (AS),5,Consent,Study,Eligible,Eligible_ag,Eligible_ed,Eligible_la,No,Gender-text,
6,1737310384109,19/01/2025 18:13:04,1737310383902,0,19/01/2025 18:13:03,195194,10,questionnaire-7oy7,,42585071,BLIND,12421982,,complete,,,computer,Desktop or Laptop,Mac OS 10.15.7,Safari 18.1.1,1470x956,1229x867,Study,,,Demographics Questionnaire Adults (AS),5,Consent,Study,Eligible,Eligible_ag,Eligible_ed,Eligible_la,No,categorical_hand,Don't know / No preference
7,1737310384109,19/01/2025 18:13:04,1737310383902,0,19/01/2025 18:13:03,195194,10,questionnaire-7oy7,,42585071,BLIND,12421982,,complete,,,computer,Desktop or Laptop,Mac OS 10.15.7,Safari 18.1.1,1470x956,1229x867,Study,,,Demographics Questionnaire Adults (AS),5,Consent,Study,Eligible,Eligible_ag,Eligible_ed,Eligible_la,No,categorical_hand-quantised,3
8,1737310384109,19/01/2025 18:13:04,1737310383902,0,19/01/2025 18:13:03,195194,10,questionnaire-7oy7,,42585071,BLIND,12421982,,complete,,,computer,Desktop or Laptop,Mac OS 10.15.7,Safari 18.1.1,1470x956,1229x867,Study,,,Demographics Questionnaire Adults (AS),5,Consent,Study,Eligible,Eligible_ag,Eligible_ed,Eligible_la,No,Education,Yes
9,1737310384109,19/01/2025 18:13:04,1737310383902,0,19/01/2025 18:13:03,195194,10,questionnaire-7oy7,,42585071,BLIND,12421982,,complete,,,computer,Desktop or Laptop,Mac OS 10.15.7,Safari 18.1.1,1470x956,1229x867,Study,,,Demographics Questionnaire Adults (AS),5,Consent,Study,Eligible,Eligible_ag,Eligible_ed,Eligible_la,No,Education-quantised,1
10,1737310384109,19/01/2025 18:13:04,1737310383902,0,19/01/2025 18:13:03,195194,10,questionnaire-7oy7,,42585071,BLIND,12421982,,complete,,,computer,Desktop or Laptop,Mac OS 10.15.7,Safari 18.1.1,1470x956,1229x867,Study,,,Demographics Questionnaire Adults (AS),5,Consent,Study,Eligible,Eligible_ag,Eligible_ed,Eligible_la,No,Bilingual,Yes
11,1737310384109,19/01/2025 18:13:04,1737310383902,0,19/01/2025 18:13:03,195194,10,questionnaire-7oy7,,42585071,BLIND,12421982,,complete,,,computer,Desktop or Laptop,Mac OS 10.15.7,Safari 18.1.1,1470x956,1229x867,Study,,,Demographics Questionnaire Adults (AS),5,Consent,Study,Eligible,Eligible_ag,Eligible_ed,Eligible_la,No,Bilingual-quantised,1
12,1737310384109,19/01/2025 18:13:04,1737310383902,0,19/01/2025 18:13:03,195194,10,questionnaire-7oy7,,42585071,BLIND,12421982,,complete,,,computer,Desktop or Laptop,Mac OS 10.15.7,Safari 18.1.1,1470x956,1229x867,Study,,,Demographics Questionnaire Adults (AS),5,Consent,Study,Eligible,Eligible_ag,Eligible_ed,Eligible_la,No,Bilingual-text,
13,1737310384109,19/01/2025 18:13:04,1737310383903,0,19/01/2025 18:13:03,195194,10,questionnaire-7oy7,,42585071,BLIND,12421982,,complete,,,computer,Desktop or Laptop,Mac OS 10.15.7,Safari 18.1.1,1470x956,1229x867,Study,,,Demographics Questionnaire Adults (AS),5,Consent,Study,Eligible,Eligible_ag,Eligible_ed,Eligible_la,No,END QUESTIONNAIRE,42377
1,1737900167933,26/01/2025 14:02:47,1737900166966,0,26/01/2025 14:02:46,195194,10,questionnaire-7oy7,,42745254,BLIND,12467385,,complete,,,computer,Desktop or Laptop,Chromium OS 14541.0.0,Chrome 131.0.0.0,1300x730,647x561,Study,,,Demographics Questionnaire Adults (AS),5,Consent,Study,Eligible,Eligible_ag,Eligible_ed,Eligible_la,No,BEGIN QUESTIONNAIRE,
2,1737900183659,26/01/2025 14:03:03,1737900182624,0,26/01/2025 14:03:02,195194,10,questionnaire-7oy7,,42745254,BLIND,12467385,,complete,,,computer,Desktop or Laptop,Chromium OS 14541.0.0,Chrome 131.0.0.0,1300x730,1300x561,Study,,,Demographics Questionnaire Adults (AS),5,Consent,Study,Eligible,Eligible_ag,Eligible_ed,Eligible_la,No,Age,20
3,1737900183733,26/01/2025 14:03:03,1737900182625,0,26/01/2025 14:03:02,195194,10,questionnaire-7oy7,,42745254,BLIND,12467385,,complete,,,computer,Desktop or Laptop,Chromium OS 14541.0.0,Chrome 131.0.0.0,1300x730,1300x561,Study,,,Demographics Questionnaire Adults (AS),5,Consent,Study,Eligible,Eligible_ag,Eligible_ed,Eligible_la,No,Gender,Woman
4,1737900183733,26/01/2025 14:03:03,1737900182626,0,26/01/2025 14:03:02,195194,10,questionnaire-7oy7,,42745254,BLIND,12467385,,complete,,,computer,Desktop or Laptop,Chromium OS 14541.0.0,Chrome 131.0.0.0,1300x730,1300x561,Study,,,Demographics Questionnaire Adults (AS),5,Consent,Study,Eligible,Eligible_ag,Eligible_ed,Eligible_la,No,Gender-quantised,2
5,1737900183733,26/01/2025 14:03:03,1737900182626,0,26/01/2025 14:03:02,195194,10,questionnaire-7oy7,,42745254,BLIND,12467385,,complete,,,computer,Desktop or Laptop,Chromium OS 14541.0.0,Chrome 131.0.0.0,1300x730,1300x561,Study,,,Demographics Questionnaire Adults (AS),5,Consent,Study,Eligible,Eligible_ag,Eligible_ed,Eligible_la,No,Gender-text,
6,1737900183733,26/01/2025 14:03:03,1737900182626,0,26/01/2025 14:03:02,195194,10,questionnaire-7oy7,,42745254,BLIND,12467385,,complete,,,computer,Desktop or Laptop,Chromium OS 14541.0.0,Chrome 131.0.0.0,1300x730,1300x561,Study,,,Demographics Questionnaire Adults (AS),5,Consent,Study,Eligible,Eligible_ag,Eligible_ed,Eligible_la,No,categorical_hand,Right
7,1737900183733,26/01/2025 14:03:03,1737900182626,0,26/01/2025 14:03:02,195194,10,questionnaire-7oy7,,42745254,BLIND,12467385,,complete,,,computer,Desktop or Laptop,Chromium OS 14541.0.0,Chrome 131.0.0.0,1300x730,1300x561,Study,,,Demographics Questionnaire Adults (AS),5,Consent,Study,Eligible,Eligible_ag,Eligible_ed,Eligible_la,No,categorical_hand-quantised,2
8,1737900183733,26/01/2025 14:03:03,1737900182626,0,26/01/2025 14:03:02,195194,10,questionnaire-7oy7,,42745254,BLIND,12467385,,complete,,,computer,Desktop or Laptop,Chromium OS 14541.0.0,Chrome 131.0.0.0,1300x730,1300x561,Study,,,Demographics Questionnaire Adults (AS),5,Consent,Study,Eligible,Eligible_ag,Eligible_ed,Eligible_la,No,Education,Yes
9,1737900183733,26/01/2025 14:03:03,1737900182626,0,26/01/2025 14:03:02,195194,10,questionnaire-7oy7,,42745254,BLIND,12467385,,complete,,,computer,Desktop or Laptop,Chromium OS 14541.0.0,Chrome 131.0.0.0,1300x730,1300x561,Study,,,Demographics Questionnaire Adults (AS),5,Consent,Study,Eligible,Eligible_ag,Eligible_ed,Eligible_la,No,Education-quantised,1
10,1737900183733,26/01/2025 14:03:03,1737900182626,0,26/01/2025 14:03:02,195194,10,questionnaire-7oy7,,42745254,BLIND,12467385,,complete,,,computer,Desktop or Laptop,Chromium OS 14541.0.0,Chrome 131.0.0.0,1300x730,1300x561,Study,,,Demographics Questionnaire Adults (AS),5,Consent,Study,Eligible,Eligible_ag,Eligible_ed,Eligible_la,No,Bilingual,Yes
11,1737900183733,26/01/2025 14:03:03,1737900182627,0,26/01/2025 14:03:02,195194,10,questionnaire-7oy7,,42745254,BLIND,12467385,,complete,,,computer,Desktop or Laptop,Chromium OS 14541.0.0,Chrome 131.0.0.0,1300x730,1300x561,Study,,,Demographics Questionnaire Adults (AS),5,Consent,Study,Eligible,Eligible_ag,Eligible_ed,Eligible_la,No,Bilingual-quantised,1
12,1737900183733,26/01/2025 14:03:03,1737900182627,0,26/01/2025 14:03:02,195194,10,questionnaire-7oy7,,42745254,BLIND,12467385,,complete,,,computer,Desktop or Laptop,Chromium OS 14541.0.0,Chrome 131.0.0.0,1300x730,1300x561,Study,,,Demographics Questionnaire Adults (AS),5,Consent,Study,Eligible,Eligible_ag,Eligible_ed,Eligible_la,No,Bilingual-text,
13,1737900183733,26/01/2025 14:03:03,1737900182627,0,26/01/2025 14:03:02,195194,10,questionnaire-7oy7,,42745254,BLIND,12467385,,complete,,,computer,Desktop or Laptop,Chromium OS 14541.0.0,Chrome 131.0.0.0,1300x730,1300x561,Study,,,Demographics Questionnaire Adults (AS),5,Consent,Study,Eligible,Eligible_ag,Eligible_ed,Eligible_la,No,END QUESTIONNAIRE,15661
1,1738154035056,29/01/2025 12:33:55,1738154035404,0,29/01/2025 12:33:55,195194,10,questionnaire-7oy7,,42833765,BLIND,12491167,,complete,,,computer,Desktop or Laptop,Windows 10,Chrome 131.0.0.0,1280x720,1280x551,Study,,,Demographics Questionnaire Adults (AS),5,Consent,Study,Eligible,Eligible_ag,Eligible_ed,Eligible_la,No,BEGIN QUESTIONNAIRE,
2,1738154044769,29/01/2025 12:34:04,1738154045144,0,29/01/2025 12:34:05,195194,10,questionnaire-7oy7,,42833765,BLIND,12491167,,complete,,,computer,Desktop or Laptop,Windows 10,Chrome 131.0.0.0,1280x720,1263x551,Study,,,Demographics Questionnaire Adults (AS),5,Consent,Study,Eligible,Eligible_ag,Eligible_ed,Eligible_la,No,Age,20
3,1738154044814,29/01/2025 12:34:04,1738154045146,0,29/01/2025 12:34:05,195194,10,questionnaire-7oy7,,42833765,BLIND,12491167,,complete,,,computer,Desktop or Laptop,Windows 10,Chrome 131.0.0.0,1280x720,1263x551,Study,,,Demographics Questionnaire Adults (AS),5,Consent,Study,Eligible,Eligible_ag,Eligible_ed,Eligible_la,No,Gender,Woman
4,1738154044814,29/01/2025 12:34:04,1738154045146,0,29/01/2025 12:34:05,195194,10,questionnaire-7oy7,,42833765,BLIND,12491167,,complete,,,computer,Desktop or Laptop,Windows 10,Chrome 131.0.0.0,1280x720,1263x551,Study,,,Demographics Questionnaire Adults (AS),5,Consent,Study,Eligible,Eligible_ag,Eligible_ed,Eligible_la,No,Gender-quantised,2
5,1738154044814,29/01/2025 12:34:04,1738154045146,0,29/01/2025 12:34:05,195194,10,questionnaire-7oy7,,42833765,BLIND,12491167,,complete,,,computer,Desktop or Laptop,Windows 10,Chrome 131.0.0.0,1280x720,1263x551,Study,,,Demographics Questionnaire Adults (AS),5,Consent,Study,Eligible,Eligible_ag,Eligible_ed,Eligible_la,No,Gender-text,
6,1738154044814,29/01/2025 12:34:04,1738154045147,0,29/01/2025 12:34:05,195194,10,questionnaire-7oy7,,42833765,BLIND,12491167,,complete,,,computer,Desktop or Laptop,Windows 10,Chrome 131.0.0.0,1280x720,1263x551,Study,,,Demographics Questionnaire Adults (AS),5,Consent,Study,Eligible,Eligible_ag,Eligible_ed,Eligible_la,No,categorical_hand,Right
7,1738154044814,29/01/2025 12:34:04,1738154045147,0,29/01/2025 12:34:05,195194,10,questionnaire-7oy7,,42833765,BLIND,12491167,,complete,,,computer,Desktop or Laptop,Windows 10,Chrome 131.0.0.0,1280x720,1263x551,Study,,,Demographics Questionnaire Adults (AS),5,Consent,Study,Eligible,Eligible_ag,Eligible_ed,Eligible_la,No,categorical_hand-quantised,2
8,1738154044814,29/01/2025 12:34:04,1738154045147,0,29/01/2025 12:34:05,195194,10,questionnaire-7oy7,,42833765,BLIND,12491167,,complete,,,computer,Desktop or Laptop,Windows 10,Chrome 131.0.0.0,1280x720,1263x551,Study,,,Demographics Questionnaire Adults (AS),5,Consent,Study,Eligible,Eligible_ag,Eligible_ed,Eligible_la,No,Education,Yes
9,1738154044814,29/01/2025 12:34:04,1738154045147,0,29/01/2025 12:34:05,195194,10,questionnaire-7oy7,,42833765,BLIND,12491167,,complete,,,computer,Desktop or Laptop,Windows 10,Chrome 131.0.0.0,1280x720,1263x551,Study,,,Demographics Questionnaire Adults (AS),5,Consent,Study,Eligible,Eligible_ag,Eligible_ed,Eligible_la,No,Education-quantised,1
10,1738154044814,29/01/2025 12:34:04,1738154045147,0,29/01/2025 12:34:05,195194,10,questionnaire-7oy7,,42833765,BLIND,12491167,,complete,,,computer,Desktop or Laptop,Windows 10,Chrome 131.0.0.0,1280x720,1263x551,Study,,,Demographics Questionnaire Adults (AS),5,Consent,Study,Eligible,Eligible_ag,Eligible_ed,Eligible_la,No,Bilingual,Yes
11,1738154044814,29/01/2025 12:34:04,1738154045148,0,29/01/2025 12:34:05,195194,10,questionnaire-7oy7,,42833765,BLIND,12491167,,complete,,,computer,Desktop or Laptop,Windows 10,Chrome 131.0.0.0,1280x720,1263x551,Study,,,Demographics Questionnaire Adults (AS),5,Consent,Study,Eligible,Eligible_ag,Eligible_ed,Eligible_la,No,Bilingual-quantised,1
12,1738154044814,29/01/2025 12:34:04,1738154045148,0,29/01/2025 12:34:05,195194,10,questionnaire-7oy7,,42833765,BLIND,12491167,,complete,,,computer,Desktop or Laptop,Windows 10,Chrome 131.0.0.0,1280x720,1263x551,Study,,,Demographics Questionnaire Adults (AS),5,Consent,Study,Eligible,Eligible_ag,Eligible_ed,Eligible_la,No,Bilingual-text,
13,1738154044814,29/01/2025 12:34:04,1738154045148,0,29/01/2025 12:34:05,195194,10,questionnaire-7oy7,,42833765,BLIND,12491167,,complete,,,computer,Desktop or Laptop,Windows 10,Chrome 131.0.0.0,1280x720,1263x551,Study,,,Demographics Questionnaire Adults (AS),5,Consent,Study,Eligible,Eligible_ag,Eligible_ed,Eligible_la,No,END QUESTIONNAIRE,9744
1,1737723302567,24/01/2025 12:55:02,1737723300770,0,24/01/2025 12:55:00,195194,10,questionnaire-7oy7,,42707314,BLIND,12457432,,complete,,,computer,Desktop or Laptop,Windows 10,Edge 132.0.0.0,1536x1024,1528x898,Study,,,Demographics Questionnaire Adults (AS),5,Consent,Study,Eligible,Eligible_ag,Eligible_ed,Eligible_la,No,BEGIN QUESTIONNAIRE,
2,1737723323593,24/01/2025 12:55:23,1737723321818,0,24/01/2025 12:55:21,195194,10,questionnaire-7oy7,,42707314,BLIND,12457432,,complete,,,computer,Desktop or Laptop,Windows 10,Edge 132.0.0.0,1536x1024,1528x898,Study,,,Demographics Questionnaire Adults (AS),5,Consent,Study,Eligible,Eligible_ag,Eligible_ed,Eligible_la,No,Age,20
3,1737723323638,24/01/2025 12:55:23,1737723321819,0,24/01/2025 12:55:21,195194,10,questionnaire-7oy7,,42707314,BLIND,12457432,,complete,,,computer,Desktop or Laptop,Windows 10,Edge 132.0.0.0,1536x1024,1528x898,Study,,,Demographics Questionnaire Adults (AS),5,Consent,Study,Eligible,Eligible_ag,Eligible_ed,Eligible_la,No,Gender,Woman
4,1737723323638,24/01/2025 12:55:23,1737723321819,0,24/01/2025 12:55:21,195194,10,questionnaire-7oy7,,42707314,BLIND,12457432,,complete,,,computer,Desktop or Laptop,Windows 10,Edge 132.0.0.0,1536x1024,1528x898,Study,,,Demographics Questionnaire Adults (AS),5,Consent,Study,Eligible,Eligible_ag,Eligible_ed,Eligible_la,No,Gender-quantised,2
5,1737723323638,24/01/2025 12:55:23,1737723321819,0,24/01/2025 12:55:21,195194,10,questionnaire-7oy7,,42707314,BLIND,12457432,,complete,,,computer,Desktop or Laptop,Windows 10,Edge 132.0.0.0,1536x1024,1528x898,Study,,,Demographics Questionnaire Adults (AS),5,Consent,Study,Eligible,Eligible_ag,Eligible_ed,Eligible_la,No,Gender-text,
6,1737723323638,24/01/2025 12:55:23,1737723321819,0,24/01/2025 12:55:21,195194,10,questionnaire-7oy7,,42707314,BLIND,12457432,,complete,,,computer,Desktop or Laptop,Windows 10,Edge 132.0.0.0,1536x1024,1528x898,Study,,,Demographics Questionnaire Adults (AS),5,Consent,Study,Eligible,Eligible_ag,Eligible_ed,Eligible_la,No,categorical_hand,Right
7,1737723323638,24/01/2025 12:55:23,1737723321819,0,24/01/2025 12:55:21,195194,10,questionnaire-7oy7,,42707314,BLIND,12457432,,complete,,,computer,Desktop or Laptop,Windows 10,Edge 132.0.0.0,1536x1024,1528x898,Study,,,Demographics Questionnaire Adults (AS),5,Consent,Study,Eligible,Eligible_ag,Eligible_ed,Eligible_la,No,categorical_hand-quantised,2
8,1737723323638,24/01/2025 12:55:23,1737723321819,0,24/01/2025 12:55:21,195194,10,questionnaire-7oy7,,42707314,BLIND,12457432,,complete,,,computer,Desktop or Laptop,Windows 10,Edge 132.0.0.0,1536x1024,1528x898,Study,,,Demographics Questionnaire Adults (AS),5,Consent,Study,Eligible,Eligible_ag,Eligible_ed,Eligible_la,No,Education,Yes
9,1737723323638,24/01/2025 12:55:23,1737723321819,0,24/01/2025 12:55:21,195194,10,questionnaire-7oy7,,42707314,BLIND,12457432,,complete,,,computer,Desktop or Laptop,Windows 10,Edge 132.0.0.0,1536x1024,1528x898,Study,,,Demographics Questionnaire Adults (AS),5,Consent,Study,Eligible,Eligible_ag,Eligible_ed,Eligible_la,No,Education-quantised,1
10,1737723323638,24/01/2025 12:55:23,1737723321820,0,24/01/2025 12:55:21,195194,10,questionnaire-7oy7,,42707314,BLIND,12457432,,complete,,,computer,Desktop or Laptop,Windows 10,Edge 132.0.0.0,1536x1024,1528x898,Study,,,Demographics Questionnaire Adults (AS),5,Consent,Study,Eligible,Eligible_ag,Eligible_ed,Eligible_la,No,Bilingual,Yes
11,1737723323638,24/01/2025 12:55:23,1737723321820,0,24/01/2025 12:55:21,195194,10,questionnaire-7oy7,,42707314,BLIND,12457432,,complete,,,computer,Desktop or Laptop,Windows 10,Edge 132.0.0.0,1536x1024,1528x898,Study,,,Demographics Questionnaire Adults (AS),5,Consent,Study,Eligible,Eligible_ag,Eligible_ed,Eligible_la,No,Bilingual-quantised,1
12,1737723323638,24/01/2025 12:55:23,1737723321820,0,24/01/2025 12:55:21,195194,10,questionnaire-7oy7,,42707314,BLIND,12457432,,complete,,,computer,Desktop or Laptop,Windows 10,Edge 132.0.0.0,1536x1024,1528x898,Study,,,Demographics Questionnaire Adults (AS),5,Consent,Study,Eligible,Eligible_ag,Eligible_ed,Eligible_la,No,Bilingual-text,
13,1737723323638,24/01/2025 12:55:23,1737723321820,0,24/01/2025 12:55:21,195194,10,questionnaire-7oy7,,42707314,BLIND,12457432,,complete,,,computer,Desktop or Laptop,Windows 10,Edge 132.0.0.0,1536x1024,1528x898,Study,,,Demographics Questionnaire Adults (AS),5,Consent,Study,Eligible,Eligible_ag,Eligible_ed,Eligible_la,No,END QUESTIONNAIRE,21050
1,1737340551722,20/01/2025 02:35:51,1737340551501,0,20/01/2025 02:35:51,195194,10,questionnaire-7oy7,,42591113,BLIND,12423332,,complete,,,computer,Desktop or Laptop,Mac OS 10.15.7,Safari 17.5,1440x900,1440x820,Study,,,Demographics Questionnaire Adults (AS),5,Consent,Study,Eligible,Eligible_ag,Eligible_ed,Eligible_la,No,BEGIN QUESTIONNAIRE,
2,1737340566367,20/01/2025 02:36:06,1737340566182,0,20/01/2025 02:36:06,195194,10,questionnaire-7oy7,,42591113,BLIND,12423332,,complete,,,computer,Desktop or Laptop,Mac OS 10.15.7,Safari 17.5,1440x900,1440x820,Study,,,Demographics Questionnaire Adults (AS),5,Consent,Study,Eligible,Eligible_ag,Eligible_ed,Eligible_la,No,Age,20
3,1737340566449,20/01/2025 02:36:06,1737340566184,0,20/01/2025 02:36:06,195194,10,questionnaire-7oy7,,42591113,BLIND,12423332,,complete,,,computer,Desktop or Laptop,Mac OS 10.15.7,Safari 17.5,1440x900,1440x820,Study,,,Demographics Questionnaire Adults (AS),5,Consent,Study,Eligible,Eligible_ag,Eligible_ed,Eligible_la,No,Gender,Man
4,1737340566449,20/01/2025 02:36:06,1737340566184,0,20/01/2025 02:36:06,195194,10,questionnaire-7oy7,,42591113,BLIND,12423332,,complete,,,computer,Desktop or Laptop,Mac OS 10.15.7,Safari 17.5,1440x900,1440x820,Study,,,Demographics Questionnaire Adults (AS),5,Consent,Study,Eligible,Eligible_ag,Eligible_ed,Eligible_la,No,Gender-quantised,1
5,1737340566449,20/01/2025 02:36:06,1737340566184,0,20/01/2025 02:36:06,195194,10,questionnaire-7oy7,,42591113,BLIND,12423332,,complete,,,computer,Desktop or Laptop,Mac OS 10.15.7,Safari 17.5,1440x900,1440x820,Study,,,Demographics Questionnaire Adults (AS),5,Consent,Study,Eligible,Eligible_ag,Eligible_ed,Eligible_la,No,Gender-text,
6,1737340566449,20/01/2025 02:36:06,1737340566184,0,20/01/2025 02:36:06,195194,10,questionnaire-7oy7,,42591113,BLIND,12423332,,complete,,,computer,Desktop or Laptop,Mac OS 10.15.7,Safari 17.5,1440x900,1440x820,Study,,,Demographics Questionnaire Adults (AS),5,Consent,Study,Eligible,Eligible_ag,Eligible_ed,Eligible_la,No,categorical_hand,Right
7,1737340566449,20/01/2025 02:36:06,1737340566184,0,20/01/2025 02:36:06,195194,10,questionnaire-7oy7,,42591113,BLIND,12423332,,complete,,,computer,Desktop or Laptop,Mac OS 10.15.7,Safari 17.5,1440x900,1440x820,Study,,,Demographics Questionnaire Adults (AS),5,Consent,Study,Eligible,Eligible_ag,Eligible_ed,Eligible_la,No,categorical_hand-quantised,2
8,1737340566449,20/01/2025 02:36:06,1737340566184,0,20/01/2025 02:36:06,195194,10,questionnaire-7oy7,,42591113,BLIND,12423332,,complete,,,computer,Desktop or Laptop,Mac OS 10.15.7,Safari 17.5,1440x900,1440x820,Study,,,Demographics Questionnaire Adults (AS),5,Consent,Study,Eligible,Eligible_ag,Eligible_ed,Eligible_la,No,Education,Yes
9,1737340566449,20/01/2025 02:36:06,1737340566184,0,20/01/2025 02:36:06,195194,10,questionnaire-7oy7,,42591113,BLIND,12423332,,complete,,,computer,Desktop or Laptop,Mac OS 10.15.7,Safari 17.5,1440x900,1440x820,Study,,,Demographics Questionnaire Adults (AS),5,Consent,Study,Eligible,Eligible_ag,Eligible_ed,Eligible_la,No,Education-quantised,1
10,1737340566449,20/01/2025 02:36:06,1737340566184,0,20/01/2025 02:36:06,195194,10,questionnaire-7oy7,,42591113,BLIND,12423332,,complete,,,computer,Desktop or Laptop,Mac OS 10.15.7,Safari 17.5,1440x900,1440x820,Study,,,Demographics Questionnaire Adults (AS),5,Consent,Study,Eligible,Eligible_ag,Eligible_ed,Eligible_la,No,Bilingual,Yes
11,1737340566449,20/01/2025 02:36:06,1737340566185,0,20/01/2025 02:36:06,195194,10,questionnaire-7oy7,,42591113,BLIND,12423332,,complete,,,computer,Desktop or Laptop,Mac OS 10.15.7,Safari 17.5,1440x900,1440x820,Study,,,Demographics Questionnaire Adults (AS),5,Consent,Study,Eligible,Eligible_ag,Eligible_ed,Eligible_la,No,Bilingual-quantised,1
12,1737340566449,20/01/2025 02:36:06,1737340566185,0,20/01/2025 02:36:06,195194,10,questionnaire-7oy7,,42591113,BLIND,12423332,,complete,,,computer,Desktop or Laptop,Mac OS 10.15.7,Safari 17.5,1440x900,1440x820,Study,,,Demographics Questionnaire Adults (AS),5,Consent,Study,Eligible,Eligible_ag,Eligible_ed,Eligible_la,No,Bilingual-text,
13,1737340566449,20/01/2025 02:36:06,1737340566185,0,20/01/2025 02:36:06,195194,10,questionnaire-7oy7,,42591113,BLIND,12423332,,complete,,,computer,Desktop or Laptop,Mac OS 10.15.7,Safari 17.5,1440x900,1440x820,Study,,,Demographics Questionnaire Adults (AS),5,Consent,Study,Eligible,Eligible_ag,Eligible_ed,Eligible_la,No,END QUESTIONNAIRE,14684
1,1737303749280,19/01/2025 16:22:29,1737303747035,0,19/01/2025 16:22:27,195194,10,questionnaire-7oy7,,42582631,BLIND,12421443,,complete,,,computer,Desktop or Laptop,Windows 10,Edge 131.0.0.0,1536x1024,1481x900,Study,,,Demographics Questionnaire Adults (AS),5,Consent,Study,Eligible,Eligible_ag,Eligible_ed,Eligible_la,No,BEGIN QUESTIONNAIRE,
2,1737303758525,19/01/2025 16:22:38,1737303756324,0,19/01/2025 16:22:36,195194,10,questionnaire-7oy7,,42582631,BLIND,12421443,,complete,,,computer,Desktop or Laptop,Windows 10,Edge 131.0.0.0,1536x1024,1481x900,Study,,,Demographics Questionnaire Adults (AS),5,Consent,Study,Eligible,Eligible_ag,Eligible_ed,Eligible_la,No,Age,21
3,1737303758586,19/01/2025 16:22:38,1737303756326,0,19/01/2025 16:22:36,195194,10,questionnaire-7oy7,,42582631,BLIND,12421443,,complete,,,computer,Desktop or Laptop,Windows 10,Edge 131.0.0.0,1536x1024,1481x900,Study,,,Demographics Questionnaire Adults (AS),5,Consent,Study,Eligible,Eligible_ag,Eligible_ed,Eligible_la,No,Gender,Woman
4,1737303758586,19/01/2025 16:22:38,1737303756327,0,19/01/2025 16:22:36,195194,10,questionnaire-7oy7,,42582631,BLIND,12421443,,complete,,,computer,Desktop or Laptop,Windows 10,Edge 131.0.0.0,1536x1024,1481x900,Study,,,Demographics Questionnaire Adults (AS),5,Consent,Study,Eligible,Eligible_ag,Eligible_ed,Eligible_la,No,Gender-quantised,2
5,1737303758586,19/01/2025 16:22:38,1737303756327,0,19/01/2025 16:22:36,195194,10,questionnaire-7oy7,,42582631,BLIND,12421443,,complete,,,computer,Desktop or Laptop,Windows 10,Edge 131.0.0.0,1536x1024,1481x900,Study,,,Demographics Questionnaire Adults (AS),5,Consent,Study,Eligible,Eligible_ag,Eligible_ed,Eligible_la,No,Gender-text,
6,1737303758586,19/01/2025 16:22:38,1737303756327,0,19/01/2025 16:22:36,195194,10,questionnaire-7oy7,,42582631,BLIND,12421443,,complete,,,computer,Desktop or Laptop,Windows 10,Edge 131.0.0.0,1536x1024,1481x900,Study,,,Demographics Questionnaire Adults (AS),5,Consent,Study,Eligible,Eligible_ag,Eligible_ed,Eligible_la,No,categorical_hand,Right
7,1737303758586,19/01/2025 16:22:38,1737303756327,0,19/01/2025 16:22:36,195194,10,questionnaire-7oy7,,42582631,BLIND,12421443,,complete,,,computer,Desktop or Laptop,Windows 10,Edge 131.0.0.0,1536x1024,1481x900,Study,,,Demographics Questionnaire Adults (AS),5,Consent,Study,Eligible,Eligible_ag,Eligible_ed,Eligible_la,No,categorical_hand-quantised,2
8,1737303758586,19/01/2025 16:22:38,1737303756327,0,19/01/2025 16:22:36,195194,10,questionnaire-7oy7,,42582631,BLIND,12421443,,complete,,,computer,Desktop or Laptop,Windows 10,Edge 131.0.0.0,1536x1024,1481x900,Study,,,Demographics Questionnaire Adults (AS),5,Consent,Study,Eligible,Eligible_ag,Eligible_ed,Eligible_la,No,Education,Yes
9,1737303758586,19/01/2025 16:22:38,1737303756327,0,19/01/2025 16:22:36,195194,10,questionnaire-7oy7,,42582631,BLIND,12421443,,complete,,,computer,Desktop or Laptop,Windows 10,Edge 131.0.0.0,1536x1024,1481x900,Study,,,Demographics Questionnaire Adults (AS),5,Consent,Study,Eligible,Eligible_ag,Eligible_ed,Eligible_la,No,Education-quantised,1
10,1737303758586,19/01/2025 16:22:38,1737303756327,0,19/01/2025 16:22:36,195194,10,questionnaire-7oy7,,42582631,BLIND,12421443,,complete,,,computer,Desktop or Laptop,Windows 10,Edge 131.0.0.0,1536x1024,1481x900,Study,,,Demographics Questionnaire Adults (AS),5,Consent,Study,Eligible,Eligible_ag,Eligible_ed,Eligible_la,No,Bilingual,Yes
11,1737303758586,19/01/2025 16:22:38,1737303756327,0,19/01/2025 16:22:36,195194,10,questionnaire-7oy7,,42582631,BLIND,12421443,,complete,,,computer,Desktop or Laptop,Windows 10,Edge 131.0.0.0,1536x1024,1481x900,Study,,,Demographics Questionnaire Adults (AS),5,Consent,Study,Eligible,Eligible_ag,Eligible_ed,Eligible_la,No,Bilingual-quantised,1
12,1737303758586,19/01/2025 16:22:38,1737303756328,0,19/01/2025 16:22:36,195194,10,questionnaire-7oy7,,42582631,BLIND,12421443,,complete,,,computer,Desktop or Laptop,Windows 10,Edge 131.0.0.0,1536x1024,1481x900,Study,,,Demographics Questionnaire Adults (AS),5,Consent,Study,Eligible,Eligible_ag,Eligible_ed,Eligible_la,No,Bilingual-text,
13,1737303758586,19/01/2025 16:22:38,1737303756328,0,19/01/2025 16:22:36,195194,10,questionnaire-7oy7,,42582631,BLIND,12421443,,complete,,,computer,Desktop or Laptop,Windows 10,Edge 131.0.0.0,1536x1024,1481x900,Study,,,Demographics Questionnaire Adults (AS),5,Consent,Study,Eligible,Eligible_ag,Eligible_ed,Eligible_la,No,END QUESTIONNAIRE,9293
1,1737048076870,16/01/2025 17:21:16,1737048086052,0,16/01/2025 17:21:26,195194,10,questionnaire-7oy7,,42527323,BLIND,12408161,,complete,,,computer,Desktop or Laptop,Windows 10,Opera 114.0.0.0,1920x1080,1879x936,Study,,,Demographics Questionnaire Adults (AS),5,Consent,Study,Eligible,Eligible_ag,Eligible_ed,Eligible_la,No,BEGIN QUESTIONNAIRE,
2,1737048090711,16/01/2025 17:21:30,1737048099909,0,16/01/2025 17:21:39,195194,10,questionnaire-7oy7,,42527323,BLIND,12408161,,complete,,,computer,Desktop or Laptop,Windows 10,Opera 114.0.0.0,1920x1080,1879x936,Study,,,Demographics Questionnaire Adults (AS),5,Consent,Study,Eligible,Eligible_ag,Eligible_ed,Eligible_la,No,Age,20
3,1737048090762,16/01/2025 17:21:30,1737048099910,0,16/01/2025 17:21:39,195194,10,questionnaire-7oy7,,42527323,BLIND,12408161,,complete,,,computer,Desktop or Laptop,Windows 10,Opera 114.0.0.0,1920x1080,1879x936,Study,,,Demographics Questionnaire Adults (AS),5,Consent,Study,Eligible,Eligible_ag,Eligible_ed,Eligible_la,No,Gender,Man
4,1737048090762,16/01/2025 17:21:30,1737048099910,0,16/01/2025 17:21:39,195194,10,questionnaire-7oy7,,42527323,BLIND,12408161,,complete,,,computer,Desktop or Laptop,Windows 10,Opera 114.0.0.0,1920x1080,1879x936,Study,,,Demographics Questionnaire Adults (AS),5,Consent,Study,Eligible,Eligible_ag,Eligible_ed,Eligible_la,No,Gender-quantised,1
5,1737048090762,16/01/2025 17:21:30,1737048099910,0,16/01/2025 17:21:39,195194,10,questionnaire-7oy7,,42527323,BLIND,12408161,,complete,,,computer,Desktop or Laptop,Windows 10,Opera 114.0.0.0,1920x1080,1879x936,Study,,,Demographics Questionnaire Adults (AS),5,Consent,Study,Eligible,Eligible_ag,Eligible_ed,Eligible_la,No,Gender-text,
6,1737048090762,16/01/2025 17:21:30,1737048099910,0,16/01/2025 17:21:39,195194,10,questionnaire-7oy7,,42527323,BLIND,12408161,,complete,,,computer,Desktop or Laptop,Windows 10,Opera 114.0.0.0,1920x1080,1879x936,Study,,,Demographics Questionnaire Adults (AS),5,Consent,Study,Eligible,Eligible_ag,Eligible_ed,Eligible_la,No,categorical_hand,Right
7,1737048090762,16/01/2025 17:21:30,1737048099910,0,16/01/2025 17:21:39,195194,10,questionnaire-7oy7,,42527323,BLIND,12408161,,complete,,,computer,Desktop or Laptop,Windows 10,Opera 114.0.0.0,1920x1080,1879x936,Study,,,Demographics Questionnaire Adults (AS),5,Consent,Study,Eligible,Eligible_ag,Eligible_ed,Eligible_la,No,categorical_hand-quantised,2
8,1737048090762,16/01/2025 17:21:30,1737048099910,0,16/01/2025 17:21:39,195194,10,questionnaire-7oy7,,42527323,BLIND,12408161,,complete,,,computer,Desktop or Laptop,Windows 10,Opera 114.0.0.0,1920x1080,1879x936,Study,,,Demographics Questionnaire Adults (AS),5,Consent,Study,Eligible,Eligible_ag,Eligible_ed,Eligible_la,No,Education,Yes
9,1737048090762,16/01/2025 17:21:30,1737048099910,0,16/01/2025 17:21:39,195194,10,questionnaire-7oy7,,42527323,BLIND,12408161,,complete,,,computer,Desktop or Laptop,Windows 10,Opera 114.0.0.0,1920x1080,1879x936,Study,,,Demographics Questionnaire Adults (AS),5,Consent,Study,Eligible,Eligible_ag,Eligible_ed,Eligible_la,No,Education-quantised,1
10,1737048090762,16/01/2025 17:21:30,1737048099910,0,16/01/2025 17:21:39,195194,10,questionnaire-7oy7,,42527323,BLIND,12408161,,complete,,,computer,Desktop or Laptop,Windows 10,Opera 114.0.0.0,1920x1080,1879x936,Study,,,Demographics Questionnaire Adults (AS),5,Consent,Study,Eligible,Eligible_ag,Eligible_ed,Eligible_la,No,Bilingual,Yes
11,1737048090762,16/01/2025 17:21:30,1737048099911,0,16/01/2025 17:21:39,195194,10,questionnaire-7oy7,,42527323,BLIND,12408161,,complete,,,computer,Desktop or Laptop,Windows 10,Opera 114.0.0.0,1920x1080,1879x936,Study,,,Demographics Questionnaire Adults (AS),5,Consent,Study,Eligible,Eligible_ag,Eligible_ed,Eligible_la,No,Bilingual-quantised,1
12,1737048090762,16/01/2025 17:21:30,1737048099911,0,16/01/2025 17:21:39,195194,10,questionnaire-7oy7,,42527323,BLIND,12408161,,complete,,,computer,Desktop or Laptop,Windows 10,Opera 114.0.0.0,1920x1080,1879x936,Study,,,Demographics Questionnaire Adults (AS),5,Consent,Study,Eligible,Eligible_ag,Eligible_ed,Eligible_la,No,Bilingual-text,
13,1737048090762,16/01/2025 17:21:30,1737048099911,0,16/01/2025 17:21:39,195194,10,questionnaire-7oy7,,42527323,BLIND,12408161,,complete,,,computer,Desktop or Laptop,Windows 10,Opera 114.0.0.0,1920x1080,1879x936,Study,,,Demographics Questionnaire Adults (AS),5,Consent,Study,Eligible,Eligible_ag,Eligible_ed,Eligible_la,No,END QUESTIONNAIRE,13859
1,1736961365215,15/01/2025 17:16:05,1736961365112,0,15/01/2025 17:16:05,195194,10,questionnaire-7oy7,,42501179,BLIND,12400911,,complete,,,computer,Desktop or Laptop,Windows 10,Firefox 134.0,1920x1080,1920x955,Study,,,Demographics Questionnaire Adults (AS),5,Consent,Study,Eligible,Eligible_ag,Eligible_ed,Eligible_la,No,BEGIN QUESTIONNAIRE,
2,1736961373181,15/01/2025 17:16:13,1736961372941,0,15/01/2025 17:16:12,195194,10,questionnaire-7oy7,,42501179,BLIND,12400911,,complete,,,computer,Desktop or Laptop,Windows 10,Firefox 134.0,1920x1080,1920x955,Study,,,Demographics Questionnaire Adults (AS),5,Consent,Study,Eligible,Eligible_ag,Eligible_ed,Eligible_la,No,Age,20
3,1736961373270,15/01/2025 17:16:13,1736961372943,0,15/01/2025 17:16:12,195194,10,questionnaire-7oy7,,42501179,BLIND,12400911,,complete,,,computer,Desktop or Laptop,Windows 10,Firefox 134.0,1920x1080,1920x955,Study,,,Demographics Questionnaire Adults (AS),5,Consent,Study,Eligible,Eligible_ag,Eligible_ed,Eligible_la,No,Gender,Man
4,1736961373270,15/01/2025 17:16:13,1736961372943,0,15/01/2025 17:16:12,195194,10,questionnaire-7oy7,,42501179,BLIND,12400911,,complete,,,computer,Desktop or Laptop,Windows 10,Firefox 134.0,1920x1080,1920x955,Study,,,Demographics Questionnaire Adults (AS),5,Consent,Study,Eligible,Eligible_ag,Eligible_ed,Eligible_la,No,Gender-quantised,1
5,1736961373270,15/01/2025 17:16:13,1736961372943,0,15/01/2025 17:16:12,195194,10,questionnaire-7oy7,,42501179,BLIND,12400911,,complete,,,computer,Desktop or Laptop,Windows 10,Firefox 134.0,1920x1080,1920x955,Study,,,Demographics Questionnaire Adults (AS),5,Consent,Study,Eligible,Eligible_ag,Eligible_ed,Eligible_la,No,Gender-text,
6,1736961373270,15/01/2025 17:16:13,1736961372943,0,15/01/2025 17:16:12,195194,10,questionnaire-7oy7,,42501179,BLIND,12400911,,complete,,,computer,Desktop or Laptop,Windows 10,Firefox 134.0,1920x1080,1920x955,Study,,,Demographics Questionnaire Adults (AS),5,Consent,Study,Eligible,Eligible_ag,Eligible_ed,Eligible_la,No,categorical_hand,Right
7,1736961373270,15/01/2025 17:16:13,1736961372943,0,15/01/2025 17:16:12,195194,10,questionnaire-7oy7,,42501179,BLIND,12400911,,complete,,,computer,Desktop or Laptop,Windows 10,Firefox 134.0,1920x1080,1920x955,Study,,,Demographics Questionnaire Adults (AS),5,Consent,Study,Eligible,Eligible_ag,Eligible_ed,Eligible_la,No,categorical_hand-quantised,2
8,1736961373270,15/01/2025 17:16:13,1736961372943,0,15/01/2025 17:16:12,195194,10,questionnaire-7oy7,,42501179,BLIND,12400911,,complete,,,computer,Desktop or Laptop,Windows 10,Firefox 134.0,1920x1080,1920x955,Study,,,Demographics Questionnaire Adults (AS),5,Consent,Study,Eligible,Eligible_ag,Eligible_ed,Eligible_la,No,Education,Yes
9,1736961373270,15/01/2025 17:16:13,1736961372943,0,15/01/2025 17:16:12,195194,10,questionnaire-7oy7,,42501179,BLIND,12400911,,complete,,,computer,Desktop or Laptop,Windows 10,Firefox 134.0,1920x1080,1920x955,Study,,,Demographics Questionnaire Adults (AS),5,Consent,Study,Eligible,Eligible_ag,Eligible_ed,Eligible_la,No,Education-quantised,1
10,1736961373270,15/01/2025 17:16:13,1736961372943,0,15/01/2025 17:16:12,195194,10,questionnaire-7oy7,,42501179,BLIND,12400911,,complete,,,computer,Desktop or Laptop,Windows 10,Firefox 134.0,1920x1080,1920x955,Study,,,Demographics Questionnaire Adults (AS),5,Consent,Study,Eligible,Eligible_ag,Eligible_ed,Eligible_la,No,Bilingual,Yes
11,1736961373270,15/01/2025 17:16:13,1736961372943,0,15/01/2025 17:16:12,195194,10,questionnaire-7oy7,,42501179,BLIND,12400911,,complete,,,computer,Desktop or Laptop,Windows 10,Firefox 134.0,1920x1080,1920x955,Study,,,Demographics Questionnaire Adults (AS),5,Consent,Study,Eligible,Eligible_ag,Eligible_ed,Eligible_la,No,Bilingual-quantised,1
12,1736961373270,15/01/2025 17:16:13,1736961372943,0,15/01/2025 17:16:12,195194,10,questionnaire-7oy7,,42501179,BLIND,12400911,,complete,,,computer,Desktop or Laptop,Windows 10,Firefox 134.0,1920x1080,1920x955,Study,,,Demographics Questionnaire Adults (AS),5,Consent,Study,Eligible,Eligible_ag,Eligible_ed,Eligible_la,No,Bilingual-text,
13,1736961373270,15/01/2025 17:16:13,1736961372943,0,15/01/2025 17:16:12,195194,10,questionnaire-7oy7,,42501179,BLIND,12400911,,complete,,,computer,Desktop or Laptop,Windows 10,Firefox 134.0,1920x1080,1920x955,Study,,,Demographics Questionnaire Adults (AS),5,Consent,Study,Eligible,Eligible_ag,Eligible_ed,Eligible_la,No,END QUESTIONNAIRE,7831
1,1736897468153,14/01/2025 23:31:08,1736897469790,0,14/01/2025 23:31:09,195194,10,questionnaire-7oy7,,42482458,BLIND,12395310,,complete,,,computer,Desktop or Laptop,Windows 10,Opera 114.0.0.0,1920x1080,1879x902,Study,,,Demographics Questionnaire Adults (AS),5,Consent,Study,Eligible,Eligible_ag,Eligible_ed,Eligible_la,No,BEGIN QUESTIONNAIRE,
2,1736897514304,14/01/2025 23:31:54,1736897515452,0,14/01/2025 23:31:55,195194,10,questionnaire-7oy7,,42482458,BLIND,12395310,,complete,,,computer,Desktop or Laptop,Windows 10,Opera 114.0.0.0,1920x1080,1879x902,Study,,,Demographics Questionnaire Adults (AS),5,Consent,Study,Eligible,Eligible_ag,Eligible_ed,Eligible_la,No,Age,20
3,1736897514501,14/01/2025 23:31:54,1736897515453,0,14/01/2025 23:31:55,195194,10,questionnaire-7oy7,,42482458,BLIND,12395310,,complete,,,computer,Desktop or Laptop,Windows 10,Opera 114.0.0.0,1920x1080,1879x902,Study,,,Demographics Questionnaire Adults (AS),5,Consent,Study,Eligible,Eligible_ag,Eligible_ed,Eligible_la,No,Gender,Man
4,1736897514501,14/01/2025 23:31:54,1736897515454,0,14/01/2025 23:31:55,195194,10,questionnaire-7oy7,,42482458,BLIND,12395310,,complete,,,computer,Desktop or Laptop,Windows 10,Opera 114.0.0.0,1920x1080,1879x902,Study,,,Demographics Questionnaire Adults (AS),5,Consent,Study,Eligible,Eligible_ag,Eligible_ed,Eligible_la,No,Gender-quantised,1
5,1736897514501,14/01/2025 23:31:54,1736897515454,0,14/01/2025 23:31:55,195194,10,questionnaire-7oy7,,42482458,BLIND,12395310,,complete,,,computer,Desktop or Laptop,Windows 10,Opera 114.0.0.0,1920x1080,1879x902,Study,,,Demographics Questionnaire Adults (AS),5,Consent,Study,Eligible,Eligible_ag,Eligible_ed,Eligible_la,No,Gender-text,
6,1736897514501,14/01/2025 23:31:54,1736897515454,0,14/01/2025 23:31:55,195194,10,questionnaire-7oy7,,42482458,BLIND,12395310,,complete,,,computer,Desktop or Laptop,Windows 10,Opera 114.0.0.0,1920x1080,1879x902,Study,,,Demographics Questionnaire Adults (AS),5,Consent,Study,Eligible,Eligible_ag,Eligible_ed,Eligible_la,No,categorical_hand,Right
7,1736897514501,14/01/2025 23:31:54,1736897515454,0,14/01/2025 23:31:55,195194,10,questionnaire-7oy7,,42482458,BLIND,12395310,,complete,,,computer,Desktop or Laptop,Windows 10,Opera 114.0.0.0,1920x1080,1879x902,Study,,,Demographics Questionnaire Adults (AS),5,Consent,Study,Eligible,Eligible_ag,Eligible_ed,Eligible_la,No,categorical_hand-quantised,2
8,1736897514501,14/01/2025 23:31:54,1736897515454,0,14/01/2025 23:31:55,195194,10,questionnaire-7oy7,,42482458,BLIND,12395310,,complete,,,computer,Desktop or Laptop,Windows 10,Opera 114.0.0.0,1920x1080,1879x902,Study,,,Demographics Questionnaire Adults (AS),5,Consent,Study,Eligible,Eligible_ag,Eligible_ed,Eligible_la,No,Education,Yes
9,1736897514501,14/01/2025 23:31:54,1736897515454,0,14/01/2025 23:31:55,195194,10,questionnaire-7oy7,,42482458,BLIND,12395310,,complete,,,computer,Desktop or Laptop,Windows 10,Opera 114.0.0.0,1920x1080,1879x902,Study,,,Demographics Questionnaire Adults (AS),5,Consent,Study,Eligible,Eligible_ag,Eligible_ed,Eligible_la,No,Education-quantised,1
10,1736897514501,14/01/2025 23:31:54,1736897515454,0,14/01/2025 23:31:55,195194,10,questionnaire-7oy7,,42482458,BLIND,12395310,,complete,,,computer,Desktop or Laptop,Windows 10,Opera 114.0.0.0,1920x1080,1879x902,Study,,,Demographics Questionnaire Adults (AS),5,Consent,Study,Eligible,Eligible_ag,Eligible_ed,Eligible_la,No,Bilingual,Yes
11,1736897514501,14/01/2025 23:31:54,1736897515454,0,14/01/2025 23:31:55,195194,10,questionnaire-7oy7,,42482458,BLIND,12395310,,complete,,,computer,Desktop or Laptop,Windows 10,Opera 114.0.0.0,1920x1080,1879x902,Study,,,Demographics Questionnaire Adults (AS),5,Consent,Study,Eligible,Eligible_ag,Eligible_ed,Eligible_la,No,Bilingual-quantised,1
12,1736897514501,14/01/2025 23:31:54,1736897515454,0,14/01/2025 23:31:55,195194,10,questionnaire-7oy7,,42482458,BLIND,12395310,,complete,,,computer,Desktop or Laptop,Windows 10,Opera 114.0.0.0,1920x1080,1879x902,Study,,,Demographics Questionnaire Adults (AS),5,Consent,Study,Eligible,Eligible_ag,Eligible_ed,Eligible_la,No,Bilingual-text,
13,1736897514501,14/01/2025 23:31:54,1736897515454,0,14/01/2025 23:31:55,195194,10,questionnaire-7oy7,,42482458,BLIND,12395310,,complete,,,computer,Desktop or Laptop,Windows 10,Opera 114.0.0.0,1920x1080,1879x902,Study,,,Demographics Questionnaire Adults (AS),5,Consent,Study,Eligible,Eligible_ag,Eligible_ed,Eligible_la,No,END QUESTIONNAIRE,45664
1,1736894246591,14/01/2025 22:37:26,1736894246477,0,14/01/2025 22:37:26,195194,10,questionnaire-7oy7,,42481771,BLIND,12395154,,complete,,,computer,Desktop or Laptop,Mac OS 10.15.7,Safari 18.1.1,2560x1440,2560x1337,Study,,,Demographics Questionnaire Adults (AS),5,Consent,Study,Eligible,Eligible_ag,Eligible_ed,Eligible_la,No,BEGIN QUESTIONNAIRE,
2,1736894261271,14/01/2025 22:37:41,1736894261212,0,14/01/2025 22:37:41,195194,10,questionnaire-7oy7,,42481771,BLIND,12395154,,complete,,,computer,Desktop or Laptop,Mac OS 10.15.7,Safari 18.1.1,2560x1440,2560x1337,Study,,,Demographics Questionnaire Adults (AS),5,Consent,Study,Eligible,Eligible_ag,Eligible_ed,Eligible_la,No,Age,20
3,1736894261353,14/01/2025 22:37:41,1736894261216,0,14/01/2025 22:37:41,195194,10,questionnaire-7oy7,,42481771,BLIND,12395154,,complete,,,computer,Desktop or Laptop,Mac OS 10.15.7,Safari 18.1.1,2560x1440,2560x1337,Study,,,Demographics Questionnaire Adults (AS),5,Consent,Study,Eligible,Eligible_ag,Eligible_ed,Eligible_la,No,Gender,Man
4,1736894261353,14/01/2025 22:37:41,1736894261216,0,14/01/2025 22:37:41,195194,10,questionnaire-7oy7,,42481771,BLIND,12395154,,complete,,,computer,Desktop or Laptop,Mac OS 10.15.7,Safari 18.1.1,2560x1440,2560x1337,Study,,,Demographics Questionnaire Adults (AS),5,Consent,Study,Eligible,Eligible_ag,Eligible_ed,Eligible_la,No,Gender-quantised,1
5,1736894261353,14/01/2025 22:37:41,1736894261216,0,14/01/2025 22:37:41,195194,10,questionnaire-7oy7,,42481771,BLIND,12395154,,complete,,,computer,Desktop or Laptop,Mac OS 10.15.7,Safari 18.1.1,2560x1440,2560x1337,Study,,,Demographics Questionnaire Adults (AS),5,Consent,Study,Eligible,Eligible_ag,Eligible_ed,Eligible_la,No,Gender-text,
6,1736894261353,14/01/2025 22:37:41,1736894261216,0,14/01/2025 22:37:41,195194,10,questionnaire-7oy7,,42481771,BLIND,12395154,,complete,,,computer,Desktop or Laptop,Mac OS 10.15.7,Safari 18.1.1,2560x1440,2560x1337,Study,,,Demographics Questionnaire Adults (AS),5,Consent,Study,Eligible,Eligible_ag,Eligible_ed,Eligible_la,No,categorical_hand,Left
7,1736894261353,14/01/2025 22:37:41,1736894261216,0,14/01/2025 22:37:41,195194,10,questionnaire-7oy7,,42481771,BLIND,12395154,,complete,,,computer,Desktop or Laptop,Mac OS 10.15.7,Safari 18.1.1,2560x1440,2560x1337,Study,,,Demographics Questionnaire Adults (AS),5,Consent,Study,Eligible,Eligible_ag,Eligible_ed,Eligible_la,No,categorical_hand-quantised,1
8,1736894261353,14/01/2025 22:37:41,1736894261216,0,14/01/2025 22:37:41,195194,10,questionnaire-7oy7,,42481771,BLIND,12395154,,complete,,,computer,Desktop or Laptop,Mac OS 10.15.7,Safari 18.1.1,2560x1440,2560x1337,Study,,,Demographics Questionnaire Adults (AS),5,Consent,Study,Eligible,Eligible_ag,Eligible_ed,Eligible_la,No,Education,Yes
9,1736894261353,14/01/2025 22:37:41,1736894261216,0,14/01/2025 22:37:41,195194,10,questionnaire-7oy7,,42481771,BLIND,12395154,,complete,,,computer,Desktop or Laptop,Mac OS 10.15.7,Safari 18.1.1,2560x1440,2560x1337,Study,,,Demographics Questionnaire Adults (AS),5,Consent,Study,Eligible,Eligible_ag,Eligible_ed,Eligible_la,No,Education-quantised,1
10,1736894261353,14/01/2025 22:37:41,1736894261216,0,14/01/2025 22:37:41,195194,10,questionnaire-7oy7,,42481771,BLIND,12395154,,complete,,,computer,Desktop or Laptop,Mac OS 10.15.7,Safari 18.1.1,2560x1440,2560x1337,Study,,,Demographics Questionnaire Adults (AS),5,Consent,Study,Eligible,Eligible_ag,Eligible_ed,Eligible_la,No,Bilingual,Yes
11,1736894261353,14/01/2025 22:37:41,1736894261216,0,14/01/2025 22:37:41,195194,10,questionnaire-7oy7,,42481771,BLIND,12395154,,complete,,,computer,Desktop or Laptop,Mac OS 10.15.7,Safari 18.1.1,2560x1440,2560x1337,Study,,,Demographics Questionnaire Adults (AS),5,Consent,Study,Eligible,Eligible_ag,Eligible_ed,Eligible_la,No,Bilingual-quantised,1
12,1736894261353,14/01/2025 22:37:41,1736894261216,0,14/01/2025 22:37:41,195194,10,questionnaire-7oy7,,42481771,BLIND,12395154,,complete,,,computer,Desktop or Laptop,Mac OS 10.15.7,Safari 18.1.1,2560x1440,2560x1337,Study,,,Demographics Questionnaire Adults (AS),5,Consent,Study,Eligible,Eligible_ag,Eligible_ed,Eligible_la,No,Bilingual-text,
13,1736894261353,14/01/2025 22:37:41,1736894261216,0,14/01/2025 22:37:41,195194,10,questionnaire-7oy7,,42481771,BLIND,12395154,,complete,,,computer,Desktop or Laptop,Mac OS 10.15.7,Safari 18.1.1,2560x1440,2560x1337,Study,,,Demographics Questionnaire Adults (AS),5,Consent,Study,Eligible,Eligible_ag,Eligible_ed,Eligible_la,No,END QUESTIONNAIRE,14739
1,1735769624877,01/01/2025 22:13:44,1735769650648,0,01/01/2025 22:14:10,195194,10,questionnaire-7oy7,,42244484,BLIND,12333744,,complete,,,computer,Desktop or Laptop,Windows 10,Chrome 131.0.0.0,1280x854,1280x719,Study,,,Demographics Questionnaire Adults (AS),5,Consent,Study,Eligible,Eligible_ag,Eligible_ed,Eligible_la,No,BEGIN QUESTIONNAIRE,
2,1735769653324,01/01/2025 22:14:13,1735769679004,0,01/01/2025 22:14:39,195194,10,questionnaire-7oy7,,42244484,BLIND,12333744,,complete,,,computer,Desktop or Laptop,Windows 10,Chrome 131.0.0.0,1280x854,1263x719,Study,,,Demographics Questionnaire Adults (AS),5,Consent,Study,Eligible,Eligible_ag,Eligible_ed,Eligible_la,No,Age,20
3,1735769653423,01/01/2025 22:14:13,1735769679007,0,01/01/2025 22:14:39,195194,10,questionnaire-7oy7,,42244484,BLIND,12333744,,complete,,,computer,Desktop or Laptop,Windows 10,Chrome 131.0.0.0,1280x854,1263x719,Study,,,Demographics Questionnaire Adults (AS),5,Consent,Study,Eligible,Eligible_ag,Eligible_ed,Eligible_la,No,Gender,Other (please specify)
4,1735769653423,01/01/2025 22:14:13,1735769679007,0,01/01/2025 22:14:39,195194,10,questionnaire-7oy7,,42244484,BLIND,12333744,,complete,,,computer,Desktop or Laptop,Windows 10,Chrome 131.0.0.0,1280x854,1263x719,Study,,,Demographics Questionnaire Adults (AS),5,Consent,Study,Eligible,Eligible_ag,Eligible_ed,Eligible_la,No,Gender-text,non-binary
5,1735769653423,01/01/2025 22:14:13,1735769679007,0,01/01/2025 22:14:39,195194,10,questionnaire-7oy7,,42244484,BLIND,12333744,,complete,,,computer,Desktop or Laptop,Windows 10,Chrome 131.0.0.0,1280x854,1263x719,Study,,,Demographics Questionnaire Adults (AS),5,Consent,Study,Eligible,Eligible_ag,Eligible_ed,Eligible_la,No,categorical_hand,Right
6,1735769653423,01/01/2025 22:14:13,1735769679008,0,01/01/2025 22:14:39,195194,10,questionnaire-7oy7,,42244484,BLIND,12333744,,complete,,,computer,Desktop or Laptop,Windows 10,Chrome 131.0.0.0,1280x854,1263x719,Study,,,Demographics Questionnaire Adults (AS),5,Consent,Study,Eligible,Eligible_ag,Eligible_ed,Eligible_la,No,categorical_hand-quantised,2
7,1735769653423,01/01/2025 22:14:13,1735769679009,0,01/01/2025 22:14:39,195194,10,questionnaire-7oy7,,42244484,BLIND,12333744,,complete,,,computer,Desktop or Laptop,Windows 10,Chrome 131.0.0.0,1280x854,1263x719,Study,,,Demographics Questionnaire Adults (AS),5,Consent,Study,Eligible,Eligible_ag,Eligible_ed,Eligible_la,No,Education,Yes
8,1735769653423,01/01/2025 22:14:13,1735769679009,0,01/01/2025 22:14:39,195194,10,questionnaire-7oy7,,42244484,BLIND,12333744,,complete,,,computer,Desktop or Laptop,Windows 10,Chrome 131.0.0.0,1280x854,1263x719,Study,,,Demographics Questionnaire Adults (AS),5,Consent,Study,Eligible,Eligible_ag,Eligible_ed,Eligible_la,No,Education-quantised,1
9,1735769653423,01/01/2025 22:14:13,1735769679009,0,01/01/2025 22:14:39,195194,10,questionnaire-7oy7,,42244484,BLIND,12333744,,complete,,,computer,Desktop or Laptop,Windows 10,Chrome 131.0.0.0,1280x854,1263x719,Study,,,Demographics Questionnaire Adults (AS),5,Consent,Study,Eligible,Eligible_ag,Eligible_ed,Eligible_la,No,Bilingual,Yes
10,1735769653423,01/01/2025 22:14:13,1735769679010,0,01/01/2025 22:14:39,195194,10,questionnaire-7oy7,,42244484,BLIND,12333744,,complete,,,computer,Desktop or Laptop,Windows 10,Chrome 131.0.0.0,1280x854,1263x719,Study,,,Demographics Questionnaire Adults (AS),5,Consent,Study,Eligible,Eligible_ag,Eligible_ed,Eligible_la,No,Bilingual-quantised,1
11,1735769653423,01/01/2025 22:14:13,1735769679010,0,01/01/2025 22:14:39,195194,10,questionnaire-7oy7,,42244484,BLIND,12333744,,complete,,,computer,Desktop or Laptop,Windows 10,Chrome 131.0.0.0,1280x854,1263x719,Study,,,Demographics Questionnaire Adults (AS),5,Consent,Study,Eligible,Eligible_ag,Eligible_ed,Eligible_la,No,Bilingual-text,
12,1735769653423,01/01/2025 22:14:13,1735769679011,0,01/01/2025 22:14:39,195194,10,questionnaire-7oy7,,42244484,BLIND,12333744,,complete,,,computer,Desktop or Laptop,Windows 10,Chrome 131.0.0.0,1280x854,1263x719,Study,,,Demographics Questionnaire Adults (AS),5,Consent,Study,Eligible,Eligible_ag,Eligible_ed,Eligible_la,No,END QUESTIONNAIRE,28363
1,1732997014595,30/11/2024 20:03:34,1732997014336,0,30/11/2024 20:03:34,195194,10,questionnaire-7oy7,,41714903,BLIND,12177482,,complete,,,computer,Desktop or Laptop,Mac OS 10.15.7,Chrome 131.0.0.0,1440x900,1440x778,Study,,,Demographics Questionnaire Adults (AS),5,Consent,Study,Eligible,Eligible_ag,Eligible_ed,Eligible_la,No,BEGIN QUESTIONNAIRE,
2,1732997028140,30/11/2024 20:03:48,1732997027909,0,30/11/2024 20:03:47,195194,10,questionnaire-7oy7,,41714903,BLIND,12177482,,complete,,,computer,Desktop or Laptop,Mac OS 10.15.7,Chrome 131.0.0.0,1440x900,1440x778,Study,,,Demographics Questionnaire Adults (AS),5,Consent,Study,Eligible,Eligible_ag,Eligible_ed,Eligible_la,No,Age,21
3,1732997028239,30/11/2024 20:03:48,1732997027911,0,30/11/2024 20:03:47,195194,10,questionnaire-7oy7,,41714903,BLIND,12177482,,complete,,,computer,Desktop or Laptop,Mac OS 10.15.7,Chrome 131.0.0.0,1440x900,1440x778,Study,,,Demographics Questionnaire Adults (AS),5,Consent,Study,Eligible,Eligible_ag,Eligible_ed,Eligible_la,No,Gender,Woman
4,1732997028239,30/11/2024 20:03:48,1732997027911,0,30/11/2024 20:03:47,195194,10,questionnaire-7oy7,,41714903,BLIND,12177482,,complete,,,computer,Desktop or Laptop,Mac OS 10.15.7,Chrome 131.0.0.0,1440x900,1440x778,Study,,,Demographics Questionnaire Adults (AS),5,Consent,Study,Eligible,Eligible_ag,Eligible_ed,Eligible_la,No,Gender-quantised,2
5,1732997028239,30/11/2024 20:03:48,1732997027911,0,30/11/2024 20:03:47,195194,10,questionnaire-7oy7,,41714903,BLIND,12177482,,complete,,,computer,Desktop or Laptop,Mac OS 10.15.7,Chrome 131.0.0.0,1440x900,1440x778,Study,,,Demographics Questionnaire Adults (AS),5,Consent,Study,Eligible,Eligible_ag,Eligible_ed,Eligible_la,No,Gender-text,
6,1732997028239,30/11/2024 20:03:48,1732997027911,0,30/11/2024 20:03:47,195194,10,questionnaire-7oy7,,41714903,BLIND,12177482,,complete,,,computer,Desktop or Laptop,Mac OS 10.15.7,Chrome 131.0.0.0,1440x900,1440x778,Study,,,Demographics Questionnaire Adults (AS),5,Consent,Study,Eligible,Eligible_ag,Eligible_ed,Eligible_la,No,categorical_hand,Left
7,1732997028239,30/11/2024 20:03:48,1732997027911,0,30/11/2024 20:03:47,195194,10,questionnaire-7oy7,,41714903,BLIND,12177482,,complete,,,computer,Desktop or Laptop,Mac OS 10.15.7,Chrome 131.0.0.0,1440x900,1440x778,Study,,,Demographics Questionnaire Adults (AS),5,Consent,Study,Eligible,Eligible_ag,Eligible_ed,Eligible_la,No,categorical_hand-quantised,1
8,1732997028239,30/11/2024 20:03:48,1732997027911,0,30/11/2024 20:03:47,195194,10,questionnaire-7oy7,,41714903,BLIND,12177482,,complete,,,computer,Desktop or Laptop,Mac OS 10.15.7,Chrome 131.0.0.0,1440x900,1440x778,Study,,,Demographics Questionnaire Adults (AS),5,Consent,Study,Eligible,Eligible_ag,Eligible_ed,Eligible_la,No,Education,Yes
9,1732997028239,30/11/2024 20:03:48,1732997027911,0,30/11/2024 20:03:47,195194,10,questionnaire-7oy7,,41714903,BLIND,12177482,,complete,,,computer,Desktop or Laptop,Mac OS 10.15.7,Chrome 131.0.0.0,1440x900,1440x778,Study,,,Demographics Questionnaire Adults (AS),5,Consent,Study,Eligible,Eligible_ag,Eligible_ed,Eligible_la,No,Education-quantised,1
10,1732997028239,30/11/2024 20:03:48,1732997027911,0,30/11/2024 20:03:47,195194,10,questionnaire-7oy7,,41714903,BLIND,12177482,,complete,,,computer,Desktop or Laptop,Mac OS 10.15.7,Chrome 131.0.0.0,1440x900,1440x778,Study,,,Demographics Questionnaire Adults (AS),5,Consent,Study,Eligible,Eligible_ag,Eligible_ed,Eligible_la,No,Bilingual,Yes
11,1732997028239,30/11/2024 20:03:48,1732997027911,0,30/11/2024 20:03:47,195194,10,questionnaire-7oy7,,41714903,BLIND,12177482,,complete,,,computer,Desktop or Laptop,Mac OS 10.15.7,Chrome 131.0.0.0,1440x900,1440x778,Study,,,Demographics Questionnaire Adults (AS),5,Consent,Study,Eligible,Eligible_ag,Eligible_ed,Eligible_la,No,Bilingual-quantised,1
12,1732997028239,30/11/2024 20:03:48,1732997027912,0,30/11/2024 20:03:47,195194,10,questionnaire-7oy7,,41714903,BLIND,12177482,,complete,,,computer,Desktop or Laptop,Mac OS 10.15.7,Chrome 131.0.0.0,1440x900,1440x778,Study,,,Demographics Questionnaire Adults (AS),5,Consent,Study,Eligible,Eligible_ag,Eligible_ed,Eligible_la,No,Bilingual-text,
13,1732997028239,30/11/2024 20:03:48,1732997027912,0,30/11/2024 20:03:47,195194,10,questionnaire-7oy7,,41714903,BLIND,12177482,,complete,,,computer,Desktop or Laptop,Mac OS 10.15.7,Chrome 131.0.0.0,1440x900,1440x778,Study,,,Demographics Questionnaire Adults (AS),5,Consent,Study,Eligible,Eligible_ag,Eligible_ed,Eligible_la,No,END QUESTIONNAIRE,13576
1,1737065936250,16/01/2025 22:18:56,1737065937084,0,16/01/2025 22:18:57,195194,10,questionnaire-7oy7,,42533267,BLIND,12409800,,complete,,,computer,Desktop or Laptop,Windows 10,Edge 131.0.0.0,1536x1024,1523x890,Study,,,Demographics Questionnaire Adults (AS),5,Consent,Study,Eligible,Eligible_ag,Eligible_ed,Eligible_la,No,BEGIN QUESTIONNAIRE,
2,1737065957857,16/01/2025 22:19:17,1737065958629,0,16/01/2025 22:19:18,195194,10,questionnaire-7oy7,,42533267,BLIND,12409800,,complete,,,computer,Desktop or Laptop,Windows 10,Edge 131.0.0.0,1536x1024,1523x890,Study,,,Demographics Questionnaire Adults (AS),5,Consent,Study,Eligible,Eligible_ag,Eligible_ed,Eligible_la,No,Age,21
3,1737065957899,16/01/2025 22:19:17,1737065958633,0,16/01/2025 22:19:18,195194,10,questionnaire-7oy7,,42533267,BLIND,12409800,,complete,,,computer,Desktop or Laptop,Windows 10,Edge 131.0.0.0,1536x1024,1523x890,Study,,,Demographics Questionnaire Adults (AS),5,Consent,Study,Eligible,Eligible_ag,Eligible_ed,Eligible_la,No,Gender,Woman
4,1737065957899,16/01/2025 22:19:17,1737065958634,0,16/01/2025 22:19:18,195194,10,questionnaire-7oy7,,42533267,BLIND,12409800,,complete,,,computer,Desktop or Laptop,Windows 10,Edge 131.0.0.0,1536x1024,1523x890,Study,,,Demographics Questionnaire Adults (AS),5,Consent,Study,Eligible,Eligible_ag,Eligible_ed,Eligible_la,No,Gender-quantised,2
5,1737065957899,16/01/2025 22:19:17,1737065958634,0,16/01/2025 22:19:18,195194,10,questionnaire-7oy7,,42533267,BLIND,12409800,,complete,,,computer,Desktop or Laptop,Windows 10,Edge 131.0.0.0,1536x1024,1523x890,Study,,,Demographics Questionnaire Adults (AS),5,Consent,Study,Eligible,Eligible_ag,Eligible_ed,Eligible_la,No,Gender-text,
6,1737065957899,16/01/2025 22:19:17,1737065958635,0,16/01/2025 22:19:18,195194,10,questionnaire-7oy7,,42533267,BLIND,12409800,,complete,,,computer,Desktop or Laptop,Windows 10,Edge 131.0.0.0,1536x1024,1523x890,Study,,,Demographics Questionnaire Adults (AS),5,Consent,Study,Eligible,Eligible_ag,Eligible_ed,Eligible_la,No,categorical_hand,Right
7,1737065957899,16/01/2025 22:19:17,1737065958635,0,16/01/2025 22:19:18,195194,10,questionnaire-7oy7,,42533267,BLIND,12409800,,complete,,,computer,Desktop or Laptop,Windows 10,Edge 131.0.0.0,1536x1024,1523x890,Study,,,Demographics Questionnaire Adults (AS),5,Consent,Study,Eligible,Eligible_ag,Eligible_ed,Eligible_la,No,categorical_hand-quantised,2
8,1737065957899,16/01/2025 22:19:17,1737065958636,0,16/01/2025 22:19:18,195194,10,questionnaire-7oy7,,42533267,BLIND,12409800,,complete,,,computer,Desktop or Laptop,Windows 10,Edge 131.0.0.0,1536x1024,1523x890,Study,,,Demographics Questionnaire Adults (AS),5,Consent,Study,Eligible,Eligible_ag,Eligible_ed,Eligible_la,No,Education,Yes
9,1737065957899,16/01/2025 22:19:17,1737065958636,0,16/01/2025 22:19:18,195194,10,questionnaire-7oy7,,42533267,BLIND,12409800,,complete,,,computer,Desktop or Laptop,Windows 10,Edge 131.0.0.0,1536x1024,1523x890,Study,,,Demographics Questionnaire Adults (AS),5,Consent,Study,Eligible,Eligible_ag,Eligible_ed,Eligible_la,No,Education-quantised,1
10,1737065957899,16/01/2025 22:19:17,1737065958637,0,16/01/2025 22:19:18,195194,10,questionnaire-7oy7,,42533267,BLIND,12409800,,complete,,,computer,Desktop or Laptop,Windows 10,Edge 131.0.0.0,1536x1024,1523x890,Study,,,Demographics Questionnaire Adults (AS),5,Consent,Study,Eligible,Eligible_ag,Eligible_ed,Eligible_la,No,Bilingual,Yes
11,1737065957899,16/01/2025 22:19:17,1737065958637,0,16/01/2025 22:19:18,195194,10,questionnaire-7oy7,,42533267,BLIND,12409800,,complete,,,computer,Desktop or Laptop,Windows 10,Edge 131.0.0.0,1536x1024,1523x890,Study,,,Demographics Questionnaire Adults (AS),5,Consent,Study,Eligible,Eligible_ag,Eligible_ed,Eligible_la,No,Bilingual-quantised,1
12,1737065957899,16/01/2025 22:19:17,1737065958638,0,16/01/2025 22:19:18,195194,10,questionnaire-7oy7,,42533267,BLIND,12409800,,complete,,,computer,Desktop or Laptop,Windows 10,Edge 131.0.0.0,1536x1024,1523x890,Study,,,Demographics Questionnaire Adults (AS),5,Consent,Study,Eligible,Eligible_ag,Eligible_ed,Eligible_la,No,Bilingual-text,
13,1737065957899,16/01/2025 22:19:17,1737065958638,0,16/01/2025 22:19:18,195194,10,questionnaire-7oy7,,42533267,BLIND,12409800,,complete,,,computer,Desktop or Laptop,Windows 10,Edge 131.0.0.0,1536x1024,1523x890,Study,,,Demographics Questionnaire Adults (AS),5,Consent,Study,Eligible,Eligible_ag,Eligible_ed,Eligible_la,No,END QUESTIONNAIRE,21554
1,1737386927745,20/01/2025 15:28:47,1737386928122,0,20/01/2025 15:28:48,195194,10,questionnaire-7oy7,,42603055,BLIND,12427410,,complete,,,computer,Desktop or Laptop,Windows 10,Chrome 132.0.0.0,1536x864,1536x730,Study,,,Demographics Questionnaire Adults (AS),5,Consent,Study,Eligible,Eligible_ag,Eligible_ed,Eligible_la,No,BEGIN QUESTIONNAIRE,
2,1737386938842,20/01/2025 15:28:58,1737386939294,0,20/01/2025 15:28:59,195194,10,questionnaire-7oy7,,42603055,BLIND,12427410,,complete,,,computer,Desktop or Laptop,Windows 10,Chrome 132.0.0.0,1536x864,1536x730,Study,,,Demographics Questionnaire Adults (AS),5,Consent,Study,Eligible,Eligible_ag,Eligible_ed,Eligible_la,No,Age,21
3,1737386938893,20/01/2025 15:28:58,1737386939296,0,20/01/2025 15:28:59,195194,10,questionnaire-7oy7,,42603055,BLIND,12427410,,complete,,,computer,Desktop or Laptop,Windows 10,Chrome 132.0.0.0,1536x864,1536x730,Study,,,Demographics Questionnaire Adults (AS),5,Consent,Study,Eligible,Eligible_ag,Eligible_ed,Eligible_la,No,Gender,Man
4,1737386938893,20/01/2025 15:28:58,1737386939296,0,20/01/2025 15:28:59,195194,10,questionnaire-7oy7,,42603055,BLIND,12427410,,complete,,,computer,Desktop or Laptop,Windows 10,Chrome 132.0.0.0,1536x864,1536x730,Study,,,Demographics Questionnaire Adults (AS),5,Consent,Study,Eligible,Eligible_ag,Eligible_ed,Eligible_la,No,Gender-quantised,1
5,1737386938893,20/01/2025 15:28:58,1737386939296,0,20/01/2025 15:28:59,195194,10,questionnaire-7oy7,,42603055,BLIND,12427410,,complete,,,computer,Desktop or Laptop,Windows 10,Chrome 132.0.0.0,1536x864,1536x730,Study,,,Demographics Questionnaire Adults (AS),5,Consent,Study,Eligible,Eligible_ag,Eligible_ed,Eligible_la,No,Gender-text,
6,1737386938893,20/01/2025 15:28:58,1737386939296,0,20/01/2025 15:28:59,195194,10,questionnaire-7oy7,,42603055,BLIND,12427410,,complete,,,computer,Desktop or Laptop,Windows 10,Chrome 132.0.0.0,1536x864,1536x730,Study,,,Demographics Questionnaire Adults (AS),5,Consent,Study,Eligible,Eligible_ag,Eligible_ed,Eligible_la,No,categorical_hand,Right
7,1737386938893,20/01/2025 15:28:58,1737386939296,0,20/01/2025 15:28:59,195194,10,questionnaire-7oy7,,42603055,BLIND,12427410,,complete,,,computer,Desktop or Laptop,Windows 10,Chrome 132.0.0.0,1536x864,1536x730,Study,,,Demographics Questionnaire Adults (AS),5,Consent,Study,Eligible,Eligible_ag,Eligible_ed,Eligible_la,No,categorical_hand-quantised,2
8,1737386938893,20/01/2025 15:28:58,1737386939296,0,20/01/2025 15:28:59,195194,10,questionnaire-7oy7,,42603055,BLIND,12427410,,complete,,,computer,Desktop or Laptop,Windows 10,Chrome 132.0.0.0,1536x864,1536x730,Study,,,Demographics Questionnaire Adults (AS),5,Consent,Study,Eligible,Eligible_ag,Eligible_ed,Eligible_la,No,Education,Yes
9,1737386938893,20/01/2025 15:28:58,1737386939296,0,20/01/2025 15:28:59,195194,10,questionnaire-7oy7,,42603055,BLIND,12427410,,complete,,,computer,Desktop or Laptop,Windows 10,Chrome 132.0.0.0,1536x864,1536x730,Study,,,Demographics Questionnaire Adults (AS),5,Consent,Study,Eligible,Eligible_ag,Eligible_ed,Eligible_la,No,Education-quantised,1
10,1737386938893,20/01/2025 15:28:58,1737386939296,0,20/01/2025 15:28:59,195194,10,questionnaire-7oy7,,42603055,BLIND,12427410,,complete,,,computer,Desktop or Laptop,Windows 10,Chrome 132.0.0.0,1536x864,1536x730,Study,,,Demographics Questionnaire Adults (AS),5,Consent,Study,Eligible,Eligible_ag,Eligible_ed,Eligible_la,No,Bilingual,Yes
11,1737386938893,20/01/2025 15:28:58,1737386939297,0,20/01/2025 15:28:59,195194,10,questionnaire-7oy7,,42603055,BLIND,12427410,,complete,,,computer,Desktop or Laptop,Windows 10,Chrome 132.0.0.0,1536x864,1536x730,Study,,,Demographics Questionnaire Adults (AS),5,Consent,Study,Eligible,Eligible_ag,Eligible_ed,Eligible_la,No,Bilingual-quantised,1
12,1737386938893,20/01/2025 15:28:58,1737386939297,0,20/01/2025 15:28:59,195194,10,questionnaire-7oy7,,42603055,BLIND,12427410,,complete,,,computer,Desktop or Laptop,Windows 10,Chrome 132.0.0.0,1536x864,1536x730,Study,,,Demographics Questionnaire Adults (AS),5,Consent,Study,Eligible,Eligible_ag,Eligible_ed,Eligible_la,No,Bilingual-text,
13,1737386938893,20/01/2025 15:28:58,1737386939297,0,20/01/2025 15:28:59,195194,10,questionnaire-7oy7,,42603055,BLIND,12427410,,complete,,,computer,Desktop or Laptop,Windows 10,Chrome 132.0.0.0,1536x864,1536x730,Study,,,Demographics Questionnaire Adults (AS),5,Consent,Study,Eligible,Eligible_ag,Eligible_ed,Eligible_la,No,END QUESTIONNAIRE,11175
END OF FILE
